?????? (?)	????????? ?? ($)	????????? ?? ($)	??????????	??????????? (%)
1	-8700	-8600	1	0,0014
1	-5200	-5100	1	0,0014
1	-5000	-4900	1	0,0014
1	-4500	-4400	1	0,0014
1	-4400	-4300	1	0,0014
1	-3800	-3700	1	0,0014
1	-3700	-3600	1	0,0014
1	-3600	-3500	1	0,0014
1	-3500	-3400	1	0,0014
1	-3400	-3300	2	0,0029
1	-3300	-3200	1	0,0014
1	-3200	-3100	2	0,0029
1	-3100	-3000	2	0,0029
1	-3000	-2900	3	0,0043
1	-2800	-2700	1	0,0014
1	-2700	-2600	3	0,0043
1	-2600	-2500	12	0,0171
1	-2500	-2400	5	0,0071
1	-2400	-2300	11	0,0157
1	-2300	-2200	6	0,0086
1	-2200	-2100	13	0,0185
1	-2100	-2000	15	0,0214
1	-2000	-1900	28	0,0399
1	-1900	-1800	19	0,0271
1	-1800	-1700	24	0,0342
1	-1700	-1600	33	0,0471
1	-1600	-1500	39	0,0556
1	-1500	-1400	57	0,0813
1	-1400	-1300	67	0,0955
1	-1300	-1200	89	0,1269
1	-1200	-1100	127	0,1811
1	-1100	-1000	153	0,2182
1	-1000	-900	173	0,2467
1	-900	-800	270	0,385
1	-800	-700	389	0,5547
1	-700	-600	561	0,8
1	-600	-500	836	1,1922
1	-500	-400	1235	1,7612
1	-400	-300	2091	2,9819
1	-300	-200	3680	5,2478
1	-200	-100	7036	10,0337
1	-100	0	17571	25,057
1	0	100	17884	25,5034
1	100	200	7319	10,4372
1	200	300	3856	5,4988
1	300	400	2232	3,1829
1	400	500	1332	1,8995
1	500	600	856	1,2207
1	600	700	559	0,7972
1	700	800	403	0,5747
1	800	900	281	0,4007
1	900	1000	203	0,2895
1	1000	1100	152	0,2168
1	1100	1200	100	0,1426
1	1200	1300	81	0,1155
1	1300	1400	61	0,087
1	1400	1500	43	0,0613
1	1500	1600	33	0,0471
1	1600	1700	33	0,0471
1	1700	1800	28	0,0399
1	1800	1900	17	0,0242
1	1900	2000	18	0,0257
1	2000	2100	11	0,0157
1	2100	2200	12	0,0171
1	2200	2300	8	0,0114
1	2300	2400	10	0,0143
1	2400	2500	4	0,0057
1	2500	2600	2	0,0029
1	2600	2700	1	0,0014
1	2700	2800	3	0,0043
1	2800	2900	3	0,0043
1	2900	3000	3	0,0043
1	3000	3100	1	0,0014
1	3200	3300	2	0,0029
1	3300	3400	1	0,0014
1	3500	3600	2	0,0029
1	3700	3800	3	0,0043
1	3900	4000	2	0,0029
1	5100	5200	1	0,0014
1	6000	6100	1	0,0014
2	-7700	-7600	1	0,0014
2	-5400	-5300	1	0,0014
2	-5300	-5200	1	0,0014
2	-4800	-4700	3	0,0043
2	-4700	-4600	1	0,0014
2	-4500	-4400	1	0,0014
2	-4400	-4300	1	0,0014
2	-4300	-4200	2	0,0029
2	-4200	-4100	3	0,0043
2	-4000	-3900	1	0,0014
2	-3900	-3800	1	0,0014
2	-3800	-3700	2	0,0029
2	-3700	-3600	1	0,0014
2	-3600	-3500	1	0,0014
2	-3500	-3400	4	0,0057
2	-3400	-3300	1	0,0014
2	-3300	-3200	9	0,0128
2	-3200	-3100	7	0,01
2	-3100	-3000	8	0,0114
2	-3000	-2900	8	0,0114
2	-2900	-2800	13	0,0185
2	-2800	-2700	17	0,0242
2	-2700	-2600	15	0,0214
2	-2600	-2500	26	0,0371
2	-2500	-2400	26	0,0371
2	-2400	-2300	25	0,0357
2	-2300	-2200	22	0,0314
2	-2200	-2100	35	0,0499
2	-2100	-2000	47	0,067
2	-2000	-1900	38	0,0542
2	-1900	-1800	70	0,0998
2	-1800	-1700	74	0,1055
2	-1700	-1600	82	0,1169
2	-1600	-1500	74	0,1055
2	-1500	-1400	116	0,1654
2	-1400	-1300	147	0,2096
2	-1300	-1200	179	0,2553
2	-1200	-1100	224	0,3194
2	-1100	-1000	304	0,4335
2	-1000	-900	381	0,5433
2	-900	-800	465	0,6631
2	-800	-700	612	0,8728
2	-700	-600	877	1,2507
2	-600	-500	1175	1,6757
2	-500	-400	1710	2,4386
2	-400	-300	2609	3,7207
2	-300	-200	3976	5,6701
2	-200	-100	6642	9,4721
2	-100	0	14318	20,4187
2	0	100	14596	20,8152
2	100	200	7113	10,1437
2	200	300	4235	6,0395
2	300	400	2756	3,9303
2	400	500	1846	2,6326
2	500	600	1335	1,9038
2	600	700	887	1,2649
2	700	800	665	0,9483
2	800	900	492	0,7016
2	900	1000	377	0,5376
2	1000	1100	270	0,385
2	1100	1200	219	0,3123
2	1200	1300	166	0,2367
2	1300	1400	128	0,1825
2	1400	1500	115	0,164
2	1500	1600	99	0,1412
2	1600	1700	96	0,1369
2	1700	1800	64	0,0913
2	1800	1900	51	0,0727
2	1900	2000	33	0,0471
2	2000	2100	34	0,0485
2	2100	2200	26	0,0371
2	2200	2300	28	0,0399
2	2300	2400	19	0,0271
2	2400	2500	23	0,0328
2	2500	2600	12	0,0171
2	2600	2700	10	0,0143
2	2700	2800	8	0,0114
2	2800	2900	8	0,0114
2	2900	3000	3	0,0043
2	3000	3100	3	0,0043
2	3100	3200	8	0,0114
2	3200	3300	4	0,0057
2	3300	3400	3	0,0043
2	3400	3500	2	0,0029
2	3500	3600	7	0,01
2	3800	3900	3	0,0043
2	3900	4000	3	0,0043
2	4100	4200	1	0,0014
2	4200	4300	2	0,0029
2	4400	4500	2	0,0029
2	4500	4600	2	0,0029
2	4700	4800	2	0,0029
2	4900	5000	3	0,0043
2	5200	5300	1	0,0014
2	5300	5400	2	0,0029
2	6000	6100	1	0,0014
2	6200	6300	2	0,0029
2	6600	6700	1	0,0014
3	-9200	-9100	1	0,0014
3	-6500	-6400	1	0,0014
3	-5400	-5300	1	0,0014
3	-5100	-5000	1	0,0014
3	-5000	-4900	3	0,0043
3	-4700	-4600	2	0,0029
3	-4600	-4500	4	0,0057
3	-4500	-4400	2	0,0029
3	-4400	-4300	1	0,0014
3	-4300	-4200	5	0,0071
3	-4200	-4100	4	0,0057
3	-4100	-4000	3	0,0043
3	-4000	-3900	2	0,0029
3	-3900	-3800	8	0,0114
3	-3800	-3700	5	0,0071
3	-3700	-3600	9	0,0128
3	-3600	-3500	4	0,0057
3	-3500	-3400	14	0,02
3	-3400	-3300	10	0,0143
3	-3300	-3200	14	0,02
3	-3200	-3100	13	0,0185
3	-3100	-3000	17	0,0242
3	-3000	-2900	22	0,0314
3	-2900	-2800	25	0,0357
3	-2800	-2700	31	0,0442
3	-2700	-2600	28	0,0399
3	-2600	-2500	34	0,0485
3	-2500	-2400	40	0,057
3	-2400	-2300	35	0,0499
3	-2300	-2200	62	0,0884
3	-2200	-2100	41	0,0585
3	-2100	-2000	70	0,0998
3	-2000	-1900	85	0,1212
3	-1900	-1800	81	0,1155
3	-1800	-1700	112	0,1597
3	-1700	-1600	125	0,1783
3	-1600	-1500	157	0,2239
3	-1500	-1400	195	0,2781
3	-1400	-1300	207	0,2952
3	-1300	-1200	231	0,3294
3	-1200	-1100	294	0,4193
3	-1100	-1000	378	0,5391
3	-1000	-900	502	0,7159
3	-900	-800	631	0,8999
3	-800	-700	782	1,1152
3	-700	-600	1085	1,5473
3	-600	-500	1384	1,9738
3	-500	-400	1882	2,684
3	-400	-300	2671	3,8092
3	-300	-200	4058	5,7872
3	-200	-100	6398	9,1244
3	-100	0	12559	17,9107
3	0	100	12685	18,0904
3	100	200	6799	9,6962
3	200	300	4285	6,111
3	300	400	2835	4,0431
3	400	500	2020	2,8808
3	500	600	1587	2,2633
3	600	700	1203	1,7156
3	700	800	908	1,2949
3	800	900	650	0,927
3	900	1000	529	0,7544
3	1000	1100	406	0,579
3	1100	1200	311	0,4435
3	1200	1300	248	0,3537
3	1300	1400	198	0,2824
3	1400	1500	181	0,2581
3	1500	1600	160	0,2282
3	1600	1700	113	0,1612
3	1700	1800	108	0,154
3	1800	1900	91	0,1298
3	1900	2000	68	0,097
3	2000	2100	65	0,0927
3	2100	2200	48	0,0685
3	2200	2300	33	0,0471
3	2300	2400	31	0,0442
3	2400	2500	31	0,0442
3	2500	2600	30	0,0428
3	2600	2700	25	0,0357
3	2700	2800	15	0,0214
3	2800	2900	16	0,0228
3	2900	3000	17	0,0242
3	3000	3100	10	0,0143
3	3100	3200	9	0,0128
3	3200	3300	7	0,01
3	3300	3400	3	0,0043
3	3400	3500	4	0,0057
3	3500	3600	5	0,0071
3	3600	3700	6	0,0086
3	3700	3800	6	0,0086
3	3800	3900	3	0,0043
3	3900	4000	1	0,0014
3	4000	4100	5	0,0071
3	4100	4200	6	0,0086
3	4200	4300	1	0,0014
3	4300	4400	2	0,0029
3	4400	4500	1	0,0014
3	4500	4600	2	0,0029
3	4600	4700	5	0,0071
3	4800	4900	2	0,0029
3	4900	5000	2	0,0029
3	5100	5200	2	0,0029
3	5300	5400	2	0,0029
3	5400	5500	2	0,0029
3	5500	5600	3	0,0043
3	5700	5800	1	0,0014
3	5900	6000	1	0,0014
3	6900	7000	1	0,0014
3	7000	7100	1	0,0014
3	7200	7300	1	0,0014
3	8900	9000	1	0,0014
4	-9800	-9700	1	0,0014
4	-7000	-6900	1	0,0014
4	-6500	-6400	1	0,0014
4	-5700	-5600	1	0,0014
4	-5500	-5400	1	0,0014
4	-5400	-5300	2	0,0029
4	-5300	-5200	1	0,0014
4	-5200	-5100	1	0,0014
4	-5000	-4900	3	0,0043
4	-4900	-4800	2	0,0029
4	-4800	-4700	3	0,0043
4	-4700	-4600	3	0,0043
4	-4600	-4500	1	0,0014
4	-4500	-4400	7	0,01
4	-4400	-4300	4	0,0057
4	-4300	-4200	9	0,0128
4	-4200	-4100	5	0,0071
4	-4100	-4000	12	0,0171
4	-4000	-3900	9	0,0128
4	-3900	-3800	12	0,0171
4	-3800	-3700	12	0,0171
4	-3700	-3600	11	0,0157
4	-3600	-3500	18	0,0257
4	-3500	-3400	8	0,0114
4	-3400	-3300	13	0,0185
4	-3300	-3200	26	0,0371
4	-3200	-3100	24	0,0342
4	-3100	-3000	19	0,0271
4	-3000	-2900	36	0,0513
4	-2900	-2800	35	0,0499
4	-2800	-2700	30	0,0428
4	-2700	-2600	48	0,0685
4	-2600	-2500	39	0,0556
4	-2500	-2400	46	0,0656
4	-2400	-2300	70	0,0998
4	-2300	-2200	62	0,0884
4	-2200	-2100	67	0,0956
4	-2100	-2000	86	0,1227
4	-2000	-1900	98	0,1398
4	-1900	-1800	124	0,1768
4	-1800	-1700	161	0,2296
4	-1700	-1600	185	0,2638
4	-1600	-1500	211	0,3009
4	-1500	-1400	233	0,3323
4	-1400	-1300	257	0,3665
4	-1300	-1200	321	0,4578
4	-1200	-1100	357	0,5091
4	-1100	-1000	483	0,6888
4	-1000	-900	547	0,7801
4	-900	-800	753	1,0739
4	-800	-700	880	1,255
4	-700	-600	1160	1,6544
4	-600	-500	1496	2,1335
4	-500	-400	2095	2,9878
4	-400	-300	2692	3,8392
4	-300	-200	3950	5,6334
4	-200	-100	6189	8,8265
4	-100	0	11422	16,2897
4	0	100	11470	16,3581
4	100	200	6452	9,2016
4	200	300	4169	5,9457
4	300	400	2946	4,2015
4	400	500	2178	3,1062
4	500	600	1637	2,3346
4	600	700	1301	1,8554
4	700	800	1041	1,4846
4	800	900	771	1,0996
4	900	1000	671	0,957
4	1000	1100	539	0,7687
4	1100	1200	431	0,6147
4	1200	1300	312	0,445
4	1300	1400	295	0,4207
4	1400	1500	230	0,328
4	1500	1600	196	0,2795
4	1600	1700	165	0,2353
4	1700	1800	129	0,184
4	1800	1900	125	0,1783
4	1900	2000	91	0,1298
4	2000	2100	89	0,1269
4	2100	2200	77	0,1098
4	2200	2300	61	0,087
4	2300	2400	47	0,067
4	2400	2500	51	0,0727
4	2500	2600	39	0,0556
4	2600	2700	35	0,0499
4	2700	2800	26	0,0371
4	2800	2900	23	0,0328
4	2900	3000	14	0,02
4	3000	3100	20	0,0285
4	3100	3200	11	0,0157
4	3200	3300	10	0,0143
4	3300	3400	10	0,0143
4	3400	3500	16	0,0228
4	3500	3600	10	0,0143
4	3600	3700	8	0,0114
4	3700	3800	8	0,0114
4	3800	3900	4	0,0057
4	3900	4000	8	0,0114
4	4000	4100	2	0,0029
4	4100	4200	5	0,0071
4	4200	4300	6	0,0086
4	4300	4400	3	0,0043
4	4400	4500	3	0,0043
4	4500	4600	4	0,0057
4	4600	4700	5	0,0071
4	4800	4900	2	0,0029
4	4900	5000	4	0,0057
4	5000	5100	5	0,0071
4	5100	5200	1	0,0014
4	5200	5300	4	0,0057
4	5300	5400	1	0,0014
4	5500	5600	1	0,0014
4	5700	5800	2	0,0029
4	5800	5900	1	0,0014
4	6000	6100	2	0,0029
4	6100	6200	1	0,0014
4	6200	6300	1	0,0014
4	6700	6800	1	0,0014
4	6900	7000	1	0,0014
4	7000	7100	1	0,0014
4	7600	7700	1	0,0014
4	8000	8100	1	0,0014
4	8300	8400	1	0,0014
5	-10700	-10600	1	0,0014
5	-7300	-7200	1	0,0014
5	-6700	-6600	1	0,0014
5	-6500	-6400	2	0,0029
5	-6200	-6100	1	0,0014
5	-5900	-5800	2	0,0029
5	-5800	-5700	2	0,0029
5	-5700	-5600	1	0,0014
5	-5600	-5500	2	0,0029
5	-5300	-5200	2	0,0029
5	-5200	-5100	1	0,0014
5	-5100	-5000	1	0,0014
5	-5000	-4900	4	0,0057
5	-4900	-4800	5	0,0071
5	-4800	-4700	7	0,01
5	-4700	-4600	5	0,0071
5	-4600	-4500	6	0,0086
5	-4500	-4400	10	0,0143
5	-4400	-4300	5	0,0071
5	-4300	-4200	11	0,0157
5	-4200	-4100	12	0,0171
5	-4100	-4000	8	0,0114
5	-4000	-3900	15	0,0214
5	-3900	-3800	15	0,0214
5	-3800	-3700	19	0,0271
5	-3700	-3600	19	0,0271
5	-3600	-3500	14	0,02
5	-3500	-3400	14	0,02
5	-3400	-3300	22	0,0314
5	-3300	-3200	24	0,0342
5	-3200	-3100	27	0,0385
5	-3100	-3000	34	0,0485
5	-3000	-2900	41	0,0585
5	-2900	-2800	52	0,0742
5	-2800	-2700	46	0,0656
5	-2700	-2600	53	0,0756
5	-2600	-2500	61	0,087
5	-2500	-2400	69	0,0984
5	-2400	-2300	78	0,1112
5	-2300	-2200	104	0,1483
5	-2200	-2100	97	0,1383
5	-2100	-2000	113	0,1612
5	-2000	-1900	122	0,174
5	-1900	-1800	142	0,2025
5	-1800	-1700	174	0,2482
5	-1700	-1600	187	0,2667
5	-1600	-1500	246	0,3508
5	-1500	-1400	280	0,3993
5	-1400	-1300	334	0,4764
5	-1300	-1200	369	0,5263
5	-1200	-1100	444	0,6332
5	-1100	-1000	540	0,7702
5	-1000	-900	659	0,9399
5	-900	-800	801	1,1424
5	-800	-700	1030	1,469
5	-700	-600	1255	1,7899
5	-600	-500	1613	2,3005
5	-500	-400	1944	2,7725
5	-400	-300	2888	4,1189
5	-300	-200	3867	5,5151
5	-200	-100	5931	8,4588
5	-100	0	10470	14,9324
5	0	100	10483	14,9509
5	100	200	6216	8,8653
5	200	300	4030	5,7476
5	300	400	2986	4,2587
5	400	500	2304	3,286
5	500	600	1797	2,5629
5	600	700	1324	1,8883
5	700	800	1100	1,5688
5	800	900	904	1,2893
5	900	1000	728	1,0383
5	1000	1100	617	0,88
5	1100	1200	527	0,7516
5	1200	1300	437	0,6233
5	1300	1400	338	0,4821
5	1400	1500	266	0,3794
5	1500	1600	258	0,368
5	1600	1700	212	0,3024
5	1700	1800	178	0,2539
5	1800	1900	147	0,2097
5	1900	2000	127	0,1811
5	2000	2100	114	0,1626
5	2100	2200	73	0,1041
5	2200	2300	72	0,1027
5	2300	2400	72	0,1027
5	2400	2500	66	0,0941
5	2500	2600	50	0,0713
5	2600	2700	53	0,0756
5	2700	2800	36	0,0513
5	2800	2900	35	0,0499
5	2900	3000	35	0,0499
5	3000	3100	23	0,0328
5	3100	3200	17	0,0242
5	3200	3300	17	0,0242
5	3300	3400	15	0,0214
5	3400	3500	16	0,0228
5	3500	3600	10	0,0143
5	3600	3700	13	0,0185
5	3700	3800	9	0,0128
5	3800	3900	8	0,0114
5	3900	4000	9	0,0128
5	4000	4100	6	0,0086
5	4100	4200	7	0,01
5	4200	4300	5	0,0071
5	4300	4400	6	0,0086
5	4400	4500	7	0,01
5	4500	4600	7	0,01
5	4600	4700	2	0,0029
5	4700	4800	7	0,01
5	4800	4900	3	0,0043
5	4900	5000	4	0,0057
5	5000	5100	5	0,0071
5	5100	5200	3	0,0043
5	5200	5300	2	0,0029
5	5300	5400	2	0,0029
5	5400	5500	2	0,0029
5	5600	5700	1	0,0014
5	5700	5800	4	0,0057
5	5800	5900	1	0,0014
5	5900	6000	1	0,0014
5	6000	6100	2	0,0029
5	6300	6400	1	0,0014
5	6400	6500	2	0,0029
5	6500	6600	1	0,0014
5	6700	6800	1	0,0014
5	6800	6900	1	0,0014
5	6900	7000	2	0,0029
5	7000	7100	1	0,0014
5	7600	7700	1	0,0014
5	7700	7800	2	0,0029
5	8100	8200	1	0,0014
5	8400	8500	1	0,0014
6	-10900	-10800	1	0,0014
6	-8000	-7900	1	0,0014
6	-7400	-7300	2	0,0029
6	-7200	-7100	1	0,0014
6	-6900	-6800	1	0,0014
6	-6800	-6700	1	0,0014
6	-6400	-6300	1	0,0014
6	-6300	-6200	1	0,0014
6	-6100	-6000	2	0,0029
6	-6000	-5900	1	0,0014
6	-5900	-5800	2	0,0029
6	-5800	-5700	1	0,0014
6	-5600	-5500	5	0,0071
6	-5500	-5400	3	0,0043
6	-5400	-5300	1	0,0014
6	-5300	-5200	4	0,0057
6	-5200	-5100	4	0,0057
6	-5100	-5000	5	0,0071
6	-5000	-4900	3	0,0043
6	-4900	-4800	8	0,0114
6	-4800	-4700	9	0,0128
6	-4700	-4600	8	0,0114
6	-4600	-4500	9	0,0128
6	-4500	-4400	9	0,0128
6	-4400	-4300	9	0,0128
6	-4300	-4200	10	0,0143
6	-4200	-4100	8	0,0114
6	-4100	-4000	24	0,0342
6	-4000	-3900	19	0,0271
6	-3900	-3800	14	0,02
6	-3800	-3700	18	0,0257
6	-3700	-3600	16	0,0228
6	-3600	-3500	24	0,0342
6	-3500	-3400	24	0,0342
6	-3400	-3300	31	0,0442
6	-3300	-3200	35	0,0499
6	-3200	-3100	36	0,0513
6	-3100	-3000	46	0,0656
6	-3000	-2900	49	0,0699
6	-2900	-2800	49	0,0699
6	-2800	-2700	61	0,087
6	-2700	-2600	61	0,087
6	-2600	-2500	83	0,1184
6	-2500	-2400	76	0,1084
6	-2400	-2300	116	0,1654
6	-2300	-2200	114	0,1626
6	-2200	-2100	113	0,1612
6	-2100	-2000	132	0,1883
6	-2000	-1900	150	0,2139
6	-1900	-1800	158	0,2253
6	-1800	-1700	195	0,2781
6	-1700	-1600	236	0,3366
6	-1600	-1500	258	0,368
6	-1500	-1400	342	0,4878
6	-1400	-1300	380	0,542
6	-1300	-1200	420	0,599
6	-1200	-1100	525	0,7488
6	-1100	-1000	577	0,8229
6	-1000	-900	689	0,9827
6	-900	-800	844	1,2038
6	-800	-700	1090	1,5546
6	-700	-600	1277	1,8213
6	-600	-500	1633	2,3291
6	-500	-400	2138	3,0493
6	-400	-300	2796	3,9878
6	-300	-200	3839	5,4754
6	-200	-100	5839	8,3279
6	-100	0	9682	13,8089
6	0	100	9722	13,866
6	100	200	5956	8,4947
6	200	300	3952	5,6365
6	300	400	2989	4,2631
6	400	500	2365	3,3731
6	500	600	1765	2,5173
6	600	700	1446	2,0624
6	700	800	1195	1,7044
6	800	900	951	1,3564
6	900	1000	836	1,1923
6	1000	1100	661	0,9428
6	1100	1200	550	0,7844
6	1200	1300	492	0,7017
6	1300	1400	389	0,5548
6	1400	1500	368	0,5249
6	1500	1600	297	0,4236
6	1600	1700	241	0,3437
6	1700	1800	196	0,2795
6	1800	1900	170	0,2425
6	1900	2000	160	0,2282
6	2000	2100	140	0,1997
6	2100	2200	108	0,154
6	2200	2300	107	0,1526
6	2300	2400	94	0,1341
6	2400	2500	72	0,1027
6	2500	2600	61	0,087
6	2600	2700	64	0,0913
6	2700	2800	55	0,0784
6	2800	2900	45	0,0642
6	2900	3000	36	0,0513
6	3000	3100	46	0,0656
6	3100	3200	26	0,0371
6	3200	3300	23	0,0328
6	3300	3400	27	0,0385
6	3400	3500	12	0,0171
6	3500	3600	17	0,0242
6	3600	3700	16	0,0228
6	3700	3800	16	0,0228
6	3800	3900	7	0,01
6	3900	4000	3	0,0043
6	4000	4100	11	0,0157
6	4100	4200	7	0,01
6	4200	4300	7	0,01
6	4300	4400	7	0,01
6	4400	4500	12	0,0171
6	4500	4600	8	0,0114
6	4600	4700	4	0,0057
6	4700	4800	4	0,0057
6	4800	4900	2	0,0029
6	4900	5000	2	0,0029
6	5000	5100	4	0,0057
6	5100	5200	8	0,0114
6	5200	5300	1	0,0014
6	5300	5400	2	0,0029
6	5400	5500	3	0,0043
6	5500	5600	2	0,0029
6	5600	5700	2	0,0029
6	5700	5800	3	0,0043
6	5800	5900	1	0,0014
6	5900	6000	3	0,0043
6	6000	6100	2	0,0029
6	6100	6200	1	0,0014
6	6200	6300	2	0,0029
6	6300	6400	3	0,0043
6	6400	6500	2	0,0029
6	6500	6600	1	0,0014
6	6600	6700	1	0,0014
6	6700	6800	1	0,0014
6	6800	6900	2	0,0029
6	6900	7000	1	0,0014
6	7200	7300	1	0,0014
6	7400	7500	2	0,0029
6	7600	7700	2	0,0029
6	7800	7900	1	0,0014
6	7900	8000	1	0,0014
6	8300	8400	1	0,0014
6	8600	8700	1	0,0014
6	9200	9300	1	0,0014
7	-12800	-12700	1	0,0014
7	-8600	-8500	1	0,0014
7	-8000	-7900	1	0,0014
7	-7600	-7500	1	0,0014
7	-7500	-7400	2	0,0029
7	-7300	-7200	1	0,0014
7	-7200	-7100	1	0,0014
7	-7100	-7000	1	0,0014
7	-6900	-6800	1	0,0014
7	-6600	-6500	1	0,0014
7	-6400	-6300	1	0,0014
7	-6200	-6100	1	0,0014
7	-6000	-5900	3	0,0043
7	-5900	-5800	3	0,0043
7	-5800	-5700	1	0,0014
7	-5700	-5600	2	0,0029
7	-5600	-5500	4	0,0057
7	-5500	-5400	4	0,0057
7	-5400	-5300	6	0,0086
7	-5300	-5200	6	0,0086
7	-5200	-5100	3	0,0043
7	-5100	-5000	9	0,0128
7	-5000	-4900	9	0,0128
7	-4900	-4800	4	0,0057
7	-4800	-4700	8	0,0114
7	-4700	-4600	7	0,01
7	-4600	-4500	11	0,0157
7	-4500	-4400	10	0,0143
7	-4400	-4300	14	0,02
7	-4300	-4200	20	0,0285
7	-4200	-4100	16	0,0228
7	-4100	-4000	18	0,0257
7	-4000	-3900	17	0,0242
7	-3900	-3800	22	0,0314
7	-3800	-3700	23	0,0328
7	-3700	-3600	30	0,0428
7	-3600	-3500	20	0,0285
7	-3500	-3400	30	0,0428
7	-3400	-3300	39	0,0556
7	-3300	-3200	43	0,0613
7	-3200	-3100	52	0,0742
7	-3100	-3000	56	0,0799
7	-3000	-2900	51	0,0727
7	-2900	-2800	63	0,0899
7	-2800	-2700	89	0,1269
7	-2700	-2600	95	0,1355
7	-2600	-2500	86	0,1227
7	-2500	-2400	98	0,1398
7	-2400	-2300	96	0,1369
7	-2300	-2200	122	0,174
7	-2200	-2100	138	0,1968
7	-2100	-2000	170	0,2425
7	-2000	-1900	180	0,2567
7	-1900	-1800	189	0,2696
7	-1800	-1700	233	0,3323
7	-1700	-1600	283	0,4036
7	-1600	-1500	305	0,435
7	-1500	-1400	320	0,4564
7	-1400	-1300	416	0,5933
7	-1300	-1200	486	0,6932
7	-1200	-1100	508	0,7246
7	-1100	-1000	671	0,957
7	-1000	-900	730	1,0412
7	-900	-800	892	1,2723
7	-800	-700	1119	1,596
7	-700	-600	1324	1,8884
7	-600	-500	1659	2,3662
7	-500	-400	2178	3,1065
7	-400	-300	2741	3,9095
7	-300	-200	3784	5,3971
7	-200	-100	5557	7,9259
7	-100	0	9185	13,1005
7	0	100	9253	13,1975
7	100	200	5474	7,8075
7	200	300	3957	5,6438
7	300	400	3039	4,3345
7	400	500	2339	3,3361
7	500	600	1851	2,6401
7	600	700	1476	2,1052
7	700	800	1208	1,723
7	800	900	1034	1,4748
7	900	1000	901	1,2851
7	1000	1100	753	1,074
7	1100	1200	597	0,8515
7	1200	1300	565	0,8059
7	1300	1400	459	0,6547
7	1400	1500	390	0,5563
7	1500	1600	316	0,4507
7	1600	1700	286	0,4079
7	1700	1800	232	0,3309
7	1800	1900	189	0,2696
7	1900	2000	169	0,241
7	2000	2100	172	0,2453
7	2100	2200	139	0,1983
7	2200	2300	133	0,1897
7	2300	2400	103	0,1469
7	2400	2500	87	0,1241
7	2500	2600	96	0,1369
7	2600	2700	68	0,097
7	2700	2800	66	0,0941
7	2800	2900	44	0,0628
7	2900	3000	50	0,0713
7	3000	3100	41	0,0585
7	3100	3200	42	0,0599
7	3200	3300	34	0,0485
7	3300	3400	24	0,0342
7	3400	3500	34	0,0485
7	3500	3600	24	0,0342
7	3600	3700	16	0,0228
7	3700	3800	10	0,0143
7	3800	3900	10	0,0143
7	3900	4000	17	0,0242
7	4000	4100	11	0,0157
7	4100	4200	4	0,0057
7	4200	4300	12	0,0171
7	4300	4400	8	0,0114
7	4400	4500	8	0,0114
7	4500	4600	9	0,0128
7	4600	4700	6	0,0086
7	4700	4800	4	0,0057
7	4800	4900	8	0,0114
7	4900	5000	6	0,0086
7	5000	5100	4	0,0057
7	5100	5200	10	0,0143
7	5200	5300	6	0,0086
7	5300	5400	3	0,0043
7	5400	5500	2	0,0029
7	5500	5600	3	0,0043
7	5600	5700	1	0,0014
7	5700	5800	3	0,0043
7	5800	5900	2	0,0029
7	5900	6000	2	0,0029
7	6000	6100	4	0,0057
7	6100	6200	1	0,0014
7	6200	6300	1	0,0014
7	6400	6500	3	0,0043
7	6500	6600	2	0,0029
7	6600	6700	2	0,0029
7	6800	6900	3	0,0043
7	7100	7200	1	0,0014
7	7300	7400	4	0,0057
7	7500	7600	1	0,0014
7	7600	7700	2	0,0029
7	7700	7800	1	0,0014
7	7900	8000	1	0,0014
7	8000	8100	1	0,0014
7	8300	8400	1	0,0014
7	8400	8500	1	0,0014
7	8600	8700	1	0,0014
7	9100	9200	1	0,0014
8	-13600	-13500	1	0,0014
8	-8900	-8800	2	0,0029
8	-8500	-8400	1	0,0014
8	-8300	-8200	2	0,0029
8	-7400	-7300	1	0,0014
8	-7200	-7100	2	0,0029
8	-7100	-7000	1	0,0014
8	-7000	-6900	4	0,0057
8	-6900	-6800	1	0,0014
8	-6800	-6700	2	0,0029
8	-6700	-6600	1	0,0014
8	-6600	-6500	1	0,0014
8	-6300	-6200	1	0,0014
8	-5900	-5800	2	0,0029
8	-5800	-5700	3	0,0043
8	-5700	-5600	6	0,0086
8	-5600	-5500	4	0,0057
8	-5500	-5400	7	0,01
8	-5400	-5300	9	0,0128
8	-5300	-5200	3	0,0043
8	-5200	-5100	10	0,0143
8	-5100	-5000	8	0,0114
8	-5000	-4900	7	0,01
8	-4900	-4800	8	0,0114
8	-4800	-4700	7	0,01
8	-4700	-4600	12	0,0171
8	-4600	-4500	14	0,02
8	-4500	-4400	15	0,0214
8	-4400	-4300	17	0,0242
8	-4300	-4200	20	0,0285
8	-4200	-4100	20	0,0285
8	-4100	-4000	20	0,0285
8	-4000	-3900	16	0,0228
8	-3900	-3800	21	0,03
8	-3800	-3700	34	0,0485
8	-3700	-3600	37	0,0528
8	-3600	-3500	27	0,0385
8	-3500	-3400	28	0,0399
8	-3400	-3300	48	0,0685
8	-3300	-3200	55	0,0784
8	-3200	-3100	59	0,0842
8	-3100	-3000	60	0,0856
8	-3000	-2900	57	0,0813
8	-2900	-2800	91	0,1298
8	-2800	-2700	85	0,1212
8	-2700	-2600	90	0,1284
8	-2600	-2500	115	0,164
8	-2500	-2400	116	0,1655
8	-2400	-2300	103	0,1469
8	-2300	-2200	156	0,2225
8	-2200	-2100	165	0,2353
8	-2100	-2000	169	0,241
8	-2000	-1900	188	0,2682
8	-1900	-1800	222	0,3166
8	-1800	-1700	279	0,3979
8	-1700	-1600	298	0,425
8	-1600	-1500	313	0,4464
8	-1500	-1400	382	0,5449
8	-1400	-1300	434	0,619
8	-1300	-1200	510	0,7274
8	-1200	-1100	594	0,8472
8	-1100	-1000	706	1,007
8	-1000	-900	789	1,1254
8	-900	-800	951	1,3564
8	-800	-700	1142	1,6289
8	-700	-600	1352	1,9284
8	-600	-500	1712	2,4419
8	-500	-400	2109	3,0081
8	-400	-300	2807	4,0037
8	-300	-200	3628	5,1747
8	-200	-100	5436	7,7535
8	-100	0	8624	12,3007
8	0	100	8731	12,4533
8	100	200	5470	7,802
8	200	300	3784	5,3972
8	300	400	2974	4,2419
8	400	500	2306	3,2891
8	500	600	1828	2,6073
8	600	700	1566	2,2336
8	700	800	1255	1,79
8	800	900	1064	1,5176
8	900	1000	980	1,3978
8	1000	1100	722	1,0298
8	1100	1200	700	0,9984
8	1200	1300	561	0,8002
8	1300	1400	507	0,7231
8	1400	1500	468	0,6675
8	1500	1600	369	0,5263
8	1600	1700	300	0,4279
8	1700	1800	266	0,3794
8	1800	1900	226	0,3224
8	1900	2000	237	0,338
8	2000	2100	200	0,2853
8	2100	2200	148	0,2111
8	2200	2300	127	0,1811
8	2300	2400	118	0,1683
8	2400	2500	102	0,1455
8	2500	2600	107	0,1526
8	2600	2700	85	0,1212
8	2700	2800	67	0,0956
8	2800	2900	80	0,1141
8	2900	3000	65	0,0927
8	3000	3100	49	0,0699
8	3100	3200	40	0,0571
8	3200	3300	44	0,0628
8	3300	3400	29	0,0414
8	3400	3500	33	0,0471
8	3500	3600	35	0,0499
8	3600	3700	19	0,0271
8	3700	3800	22	0,0314
8	3800	3900	18	0,0257
8	3900	4000	16	0,0228
8	4000	4100	13	0,0185
8	4100	4200	9	0,0128
8	4200	4300	11	0,0157
8	4300	4400	6	0,0086
8	4400	4500	7	0,01
8	4500	4600	11	0,0157
8	4600	4700	12	0,0171
8	4700	4800	10	0,0143
8	4800	4900	16	0,0228
8	4900	5000	2	0,0029
8	5000	5100	10	0,0143
8	5100	5200	5	0,0071
8	5200	5300	2	0,0029
8	5300	5400	8	0,0114
8	5400	5500	2	0,0029
8	5500	5600	2	0,0029
8	5600	5700	3	0,0043
8	5700	5800	4	0,0057
8	5800	5900	2	0,0029
8	6000	6100	2	0,0029
8	6100	6200	3	0,0043
8	6200	6300	1	0,0014
8	6300	6400	4	0,0057
8	6400	6500	1	0,0014
8	6500	6600	1	0,0014
8	6700	6800	4	0,0057
8	6800	6900	3	0,0043
8	6900	7000	1	0,0014
8	7000	7100	1	0,0014
8	7100	7200	1	0,0014
8	7200	7300	1	0,0014
8	7400	7500	2	0,0029
8	7600	7700	1	0,0014
8	7700	7800	1	0,0014
8	7900	8000	1	0,0014
8	8100	8200	2	0,0029
8	8200	8300	2	0,0029
8	8300	8400	1	0,0014
8	8500	8600	2	0,0029
8	8900	9000	1	0,0014
8	9100	9200	1	0,0014
9	-13200	-13100	1	0,0014
9	-9700	-9600	1	0,0014
9	-9000	-8900	1	0,0014
9	-8600	-8500	1	0,0014
9	-8200	-8100	1	0,0014
9	-8000	-7900	1	0,0014
9	-7900	-7800	1	0,0014
9	-7800	-7700	1	0,0014
9	-7700	-7600	1	0,0014
9	-7500	-7400	1	0,0014
9	-7300	-7200	1	0,0014
9	-7200	-7100	2	0,0029
9	-7000	-6900	3	0,0043
9	-6900	-6800	2	0,0029
9	-6800	-6700	3	0,0043
9	-6700	-6600	3	0,0043
9	-6600	-6500	2	0,0029
9	-6500	-6400	1	0,0014
9	-6400	-6300	1	0,0014
9	-6200	-6100	1	0,0014
9	-6100	-6000	3	0,0043
9	-6000	-5900	1	0,0014
9	-5900	-5800	2	0,0029
9	-5800	-5700	5	0,0071
9	-5700	-5600	4	0,0057
9	-5600	-5500	3	0,0043
9	-5500	-5400	9	0,0128
9	-5400	-5300	7	0,01
9	-5300	-5200	6	0,0086
9	-5200	-5100	6	0,0086
9	-5100	-5000	10	0,0143
9	-5000	-4900	15	0,0214
9	-4900	-4800	11	0,0157
9	-4800	-4700	10	0,0143
9	-4700	-4600	8	0,0114
9	-4600	-4500	13	0,0185
9	-4500	-4400	16	0,0228
9	-4400	-4300	18	0,0257
9	-4300	-4200	22	0,0314
9	-4200	-4100	24	0,0342
9	-4100	-4000	22	0,0314
9	-4000	-3900	28	0,0399
9	-3900	-3800	28	0,0399
9	-3800	-3700	32	0,0456
9	-3700	-3600	40	0,0571
9	-3600	-3500	42	0,0599
9	-3500	-3400	49	0,0699
9	-3400	-3300	54	0,077
9	-3300	-3200	68	0,097
9	-3200	-3100	66	0,0941
9	-3100	-3000	62	0,0884
9	-3000	-2900	77	0,1098
9	-2900	-2800	92	0,1312
9	-2800	-2700	101	0,1441
9	-2700	-2600	108	0,154
9	-2600	-2500	122	0,174
9	-2500	-2400	124	0,1769
9	-2400	-2300	141	0,2011
9	-2300	-2200	158	0,2254
9	-2200	-2100	185	0,2639
9	-2100	-2000	182	0,2596
9	-2000	-1900	207	0,2953
9	-1900	-1800	225	0,3209
9	-1800	-1700	279	0,398
9	-1700	-1600	332	0,4736
9	-1600	-1500	376	0,5363
9	-1500	-1400	394	0,562
9	-1400	-1300	470	0,6704
9	-1300	-1200	516	0,736
9	-1200	-1100	581	0,8287
9	-1100	-1000	732	1,0441
9	-1000	-900	875	1,2481
9	-900	-800	1042	1,4863
9	-800	-700	1191	1,6988
9	-700	-600	1354	1,9313
9	-600	-500	1658	2,3649
9	-500	-400	2169	3,0938
9	-400	-300	2751	3,9239
9	-300	-200	3634	5,1834
9	-200	-100	5345	7,624
9	-100	0	8227	11,7348
9	0	100	8209	11,7091
9	100	200	5120	7,303
9	200	300	3753	5,3532
9	300	400	2914	4,1564
9	400	500	2382	3,3976
9	500	600	1846	2,6331
9	600	700	1566	2,2337
9	700	800	1284	1,8315
9	800	900	1126	1,6061
9	900	1000	990	1,4121
9	1000	1100	842	1,201
9	1100	1200	692	0,987
9	1200	1300	578	0,8244
9	1300	1400	546	0,7788
9	1400	1500	497	0,7089
9	1500	1600	402	0,5734
9	1600	1700	364	0,5192
9	1700	1800	297	0,4236
9	1800	1900	268	0,3823
9	1900	2000	246	0,3509
9	2000	2100	193	0,2753
9	2100	2200	172	0,2453
9	2200	2300	169	0,2411
9	2300	2400	126	0,1797
9	2400	2500	132	0,1883
9	2500	2600	107	0,1526
9	2600	2700	110	0,1569
9	2700	2800	79	0,1127
9	2800	2900	77	0,1098
9	2900	3000	74	0,1056
9	3000	3100	61	0,087
9	3100	3200	51	0,0727
9	3200	3300	45	0,0642
9	3300	3400	46	0,0656
9	3400	3500	38	0,0542
9	3500	3600	35	0,0499
9	3600	3700	29	0,0414
9	3700	3800	35	0,0499
9	3800	3900	21	0,03
9	3900	4000	12	0,0171
9	4000	4100	20	0,0285
9	4100	4200	17	0,0242
9	4200	4300	18	0,0257
9	4300	4400	14	0,02
9	4400	4500	6	0,0086
9	4500	4600	9	0,0128
9	4600	4700	12	0,0171
9	4700	4800	5	0,0071
9	4800	4900	9	0,0128
9	4900	5000	13	0,0185
9	5000	5100	11	0,0157
9	5100	5200	8	0,0114
9	5200	5300	6	0,0086
9	5300	5400	6	0,0086
9	5400	5500	4	0,0057
9	5500	5600	3	0,0043
9	5600	5700	2	0,0029
9	5700	5800	5	0,0071
9	5800	5900	2	0,0029
9	5900	6000	1	0,0014
9	6000	6100	2	0,0029
9	6100	6200	5	0,0071
9	6200	6300	1	0,0014
9	6300	6400	1	0,0014
9	6500	6600	2	0,0029
9	6600	6700	1	0,0014
9	6700	6800	1	0,0014
9	6800	6900	2	0,0029
9	6900	7000	3	0,0043
9	7000	7100	4	0,0057
9	7100	7200	2	0,0029
9	7200	7300	1	0,0014
9	7300	7400	1	0,0014
9	7400	7500	1	0,0014
9	7500	7600	2	0,0029
9	7600	7700	2	0,0029
9	7900	8000	1	0,0014
9	8000	8100	1	0,0014
9	8100	8200	1	0,0014
9	8200	8300	1	0,0014
9	8300	8400	3	0,0043
9	8500	8600	1	0,0014
9	8600	8700	1	0,0014
9	8700	8800	1	0,0014
9	9100	9200	1	0,0014
10	-13100	-13000	1	0,0014
10	-9300	-9200	1	0,0014
10	-9200	-9100	1	0,0014
10	-9000	-8900	1	0,0014
10	-8800	-8700	2	0,0029
10	-8300	-8200	1	0,0014
10	-8200	-8100	1	0,0014
10	-8000	-7900	3	0,0043
10	-7900	-7800	1	0,0014
10	-7600	-7500	1	0,0014
10	-7400	-7300	2	0,0029
10	-7300	-7200	1	0,0014
10	-7100	-7000	2	0,0029
10	-6900	-6800	1	0,0014
10	-6800	-6700	1	0,0014
10	-6700	-6600	3	0,0043
10	-6600	-6500	3	0,0043
10	-6500	-6400	2	0,0029
10	-6400	-6300	3	0,0043
10	-6300	-6200	6	0,0086
10	-6200	-6100	1	0,0014
10	-6100	-6000	1	0,0014
10	-6000	-5900	6	0,0086
10	-5900	-5800	3	0,0043
10	-5800	-5700	3	0,0043
10	-5700	-5600	8	0,0114
10	-5600	-5500	5	0,0071
10	-5500	-5400	3	0,0043
10	-5400	-5300	10	0,0143
10	-5300	-5200	12	0,0171
10	-5200	-5100	6	0,0086
10	-5100	-5000	12	0,0171
10	-5000	-4900	7	0,01
10	-4900	-4800	14	0,02
10	-4800	-4700	9	0,0128
10	-4700	-4600	19	0,0271
10	-4600	-4500	10	0,0143
10	-4500	-4400	21	0,03
10	-4400	-4300	24	0,0342
10	-4300	-4200	25	0,0357
10	-4200	-4100	29	0,0414
10	-4100	-4000	27	0,0385
10	-4000	-3900	34	0,0485
10	-3900	-3800	43	0,0613
10	-3800	-3700	37	0,0528
10	-3700	-3600	50	0,0713
10	-3600	-3500	42	0,0599
10	-3500	-3400	58	0,0827
10	-3400	-3300	49	0,0699
10	-3300	-3200	62	0,0884
10	-3200	-3100	67	0,0956
10	-3100	-3000	66	0,0941
10	-3000	-2900	101	0,1441
10	-2900	-2800	92	0,1312
10	-2800	-2700	120	0,1712
10	-2700	-2600	116	0,1655
10	-2600	-2500	143	0,204
10	-2500	-2400	160	0,2282
10	-2400	-2300	151	0,2154
10	-2300	-2200	168	0,2396
10	-2200	-2100	194	0,2767
10	-2100	-2000	223	0,3181
10	-2000	-1900	196	0,2796
10	-1900	-1800	260	0,3709
10	-1800	-1700	302	0,4308
10	-1700	-1600	331	0,4721
10	-1600	-1500	383	0,5463
10	-1500	-1400	445	0,6348
10	-1400	-1300	526	0,7503
10	-1300	-1200	549	0,7831
10	-1200	-1100	600	0,8558
10	-1100	-1000	749	1,0684
10	-1000	-900	941	1,3423
10	-900	-800	1011	1,4421
10	-800	-700	1178	1,6803
10	-700	-600	1383	1,9727
10	-600	-500	1744	2,4877
10	-500	-400	2140	3,0525
10	-400	-300	2759	3,9355
10	-300	-200	3634	5,1836
10	-200	-100	5134	7,3232
10	-100	0	7905	11,2758
10	0	100	7673	10,9449
10	100	200	5041	7,1905
10	200	300	3711	5,2934
10	300	400	2882	4,1109
10	400	500	2218	3,1638
10	500	600	1924	2,7444
10	600	700	1598	2,2794
10	700	800	1295	1,8472
10	800	900	1167	1,6646
10	900	1000	971	1,385
10	1000	1100	878	1,2524
10	1100	1200	762	1,0869
10	1200	1300	663	0,9457
10	1300	1400	528	0,7531
10	1400	1500	528	0,7531
10	1500	1600	410	0,5848
10	1600	1700	422	0,6019
10	1700	1800	342	0,4878
10	1800	1900	295	0,4208
10	1900	2000	271	0,3866
10	2000	2100	215	0,3067
10	2100	2200	206	0,2938
10	2200	2300	183	0,261
10	2300	2400	153	0,2182
10	2400	2500	135	0,1926
10	2500	2600	134	0,1911
10	2600	2700	112	0,1598
10	2700	2800	95	0,1355
10	2800	2900	90	0,1284
10	2900	3000	87	0,1241
10	3000	3100	57	0,0813
10	3100	3200	56	0,0799
10	3200	3300	61	0,087
10	3300	3400	46	0,0656
10	3400	3500	43	0,0613
10	3500	3600	38	0,0542
10	3600	3700	31	0,0442
10	3700	3800	34	0,0485
10	3800	3900	34	0,0485
10	3900	4000	30	0,0428
10	4000	4100	19	0,0271
10	4100	4200	21	0,03
10	4200	4300	11	0,0157
10	4300	4400	21	0,03
10	4400	4500	22	0,0314
10	4500	4600	17	0,0242
10	4600	4700	13	0,0185
10	4700	4800	10	0,0143
10	4800	4900	13	0,0185
10	4900	5000	11	0,0157
10	5000	5100	8	0,0114
10	5100	5200	7	0,01
10	5200	5300	5	0,0071
10	5300	5400	1	0,0014
10	5400	5500	6	0,0086
10	5500	5600	1	0,0014
10	5600	5700	5	0,0071
10	5700	5800	5	0,0071
10	5800	5900	2	0,0029
10	5900	6000	2	0,0029
10	6000	6100	3	0,0043
10	6200	6300	2	0,0029
10	6400	6500	4	0,0057
10	6500	6600	1	0,0014
10	6600	6700	6	0,0086
10	6700	6800	2	0,0029
10	6800	6900	2	0,0029
10	6900	7000	2	0,0029
10	7000	7100	4	0,0057
10	7100	7200	1	0,0014
10	7200	7300	2	0,0029
10	7400	7500	2	0,0029
10	7500	7600	1	0,0014
10	7600	7700	2	0,0029
10	7700	7800	1	0,0014
10	7800	7900	3	0,0043
10	8000	8100	1	0,0014
10	8100	8200	2	0,0029
10	8200	8300	3	0,0043
10	8300	8400	1	0,0014
10	8400	8500	2	0,0029
10	8500	8600	2	0,0029
11	-13000	-12900	1	0,0014
11	-10000	-9900	1	0,0014
11	-9600	-9500	1	0,0014
11	-9500	-9400	1	0,0014
11	-9400	-9300	1	0,0014
11	-9200	-9100	1	0,0014
11	-9100	-9000	1	0,0014
11	-8900	-8800	1	0,0014
11	-8300	-8200	1	0,0014
11	-8100	-8000	1	0,0014
11	-7900	-7800	2	0,0029
11	-7800	-7700	1	0,0014
11	-7700	-7600	1	0,0014
11	-7600	-7500	1	0,0014
11	-7500	-7400	2	0,0029
11	-7400	-7300	1	0,0014
11	-7200	-7100	2	0,0029
11	-7100	-7000	3	0,0043
11	-6900	-6800	2	0,0029
11	-6800	-6700	2	0,0029
11	-6700	-6600	1	0,0014
11	-6600	-6500	2	0,0029
11	-6500	-6400	2	0,0029
11	-6400	-6300	5	0,0071
11	-6300	-6200	1	0,0014
11	-6200	-6100	4	0,0057
11	-6100	-6000	6	0,0086
11	-6000	-5900	5	0,0071
11	-5900	-5800	7	0,01
11	-5800	-5700	7	0,01
11	-5700	-5600	4	0,0057
11	-5600	-5500	6	0,0086
11	-5500	-5400	9	0,0128
11	-5400	-5300	12	0,0171
11	-5300	-5200	13	0,0185
11	-5200	-5100	7	0,01
11	-5100	-5000	10	0,0143
11	-5000	-4900	13	0,0185
11	-4900	-4800	11	0,0157
11	-4800	-4700	23	0,0328
11	-4700	-4600	29	0,0414
11	-4600	-4500	24	0,0342
11	-4500	-4400	20	0,0285
11	-4400	-4300	20	0,0285
11	-4300	-4200	25	0,0357
11	-4200	-4100	23	0,0328
11	-4100	-4000	30	0,0428
11	-4000	-3900	39	0,0556
11	-3900	-3800	40	0,0571
11	-3800	-3700	47	0,067
11	-3700	-3600	48	0,0685
11	-3600	-3500	50	0,0713
11	-3500	-3400	56	0,0799
11	-3400	-3300	75	0,107
11	-3300	-3200	60	0,0856
11	-3200	-3100	67	0,0956
11	-3100	-3000	95	0,1355
11	-3000	-2900	89	0,127
11	-2900	-2800	102	0,1455
11	-2800	-2700	131	0,1869
11	-2700	-2600	136	0,194
11	-2600	-2500	140	0,1997
11	-2500	-2400	144	0,2054
11	-2400	-2300	182	0,2596
11	-2300	-2200	214	0,3053
11	-2200	-2100	192	0,2739
11	-2100	-2000	215	0,3067
11	-2000	-1900	265	0,378
11	-1900	-1800	265	0,378
11	-1800	-1700	295	0,4208
11	-1700	-1600	346	0,4936
11	-1600	-1500	399	0,5692
11	-1500	-1400	487	0,6947
11	-1400	-1300	525	0,7489
11	-1300	-1200	595	0,8487
11	-1200	-1100	670	0,9557
11	-1100	-1000	785	1,1198
11	-1000	-900	872	1,2439
11	-900	-800	1052	1,5006
11	-800	-700	1234	1,7602
11	-700	-600	1444	2,0598
11	-600	-500	1713	2,4435
11	-500	-400	2113	3,0141
11	-400	-300	2758	3,9342
11	-300	-200	3611	5,1509
11	-200	-100	4968	7,0866
11	-100	0	7601	10,8425
11	0	100	7380	10,5272
11	100	200	4800	6,847
11	200	300	3593	5,1252
11	300	400	2910	4,151
11	400	500	2250	3,2095
11	500	600	1934	2,7588
11	600	700	1610	2,2966
11	700	800	1325	1,89
11	800	900	1145	1,6333
11	900	1000	992	1,415
11	1000	1100	849	1,2111
11	1100	1200	761	1,0855
11	1200	1300	680	0,97
11	1300	1400	630	0,8987
11	1400	1500	520	0,7418
11	1500	1600	478	0,6818
11	1600	1700	413	0,5891
11	1700	1800	343	0,4893
11	1800	1900	346	0,4936
11	1900	2000	292	0,4165
11	2000	2100	250	0,3566
11	2100	2200	227	0,3238
11	2200	2300	211	0,301
11	2300	2400	189	0,2696
11	2400	2500	150	0,214
11	2500	2600	134	0,1911
11	2600	2700	134	0,1911
11	2700	2800	112	0,1598
11	2800	2900	97	0,1384
11	2900	3000	72	0,1027
11	3000	3100	94	0,1341
11	3100	3200	65	0,0927
11	3200	3300	48	0,0685
11	3300	3400	54	0,077
11	3400	3500	63	0,0899
11	3500	3600	57	0,0813
11	3600	3700	42	0,0599
11	3700	3800	38	0,0542
11	3800	3900	32	0,0456
11	3900	4000	32	0,0456
11	4000	4100	29	0,0414
11	4100	4200	11	0,0157
11	4200	4300	28	0,0399
11	4300	4400	22	0,0314
11	4400	4500	19	0,0271
11	4500	4600	14	0,02
11	4600	4700	18	0,0257
11	4700	4800	14	0,02
11	4800	4900	13	0,0185
11	4900	5000	7	0,01
11	5000	5100	10	0,0143
11	5100	5200	4	0,0057
11	5200	5300	9	0,0128
11	5300	5400	4	0,0057
11	5400	5500	6	0,0086
11	5500	5600	6	0,0086
11	5600	5700	3	0,0043
11	5700	5800	5	0,0071
11	5800	5900	7	0,01
11	5900	6000	2	0,0029
11	6000	6100	7	0,01
11	6100	6200	3	0,0043
11	6200	6300	1	0,0014
11	6300	6400	5	0,0071
11	6400	6500	3	0,0043
11	6500	6600	5	0,0071
11	6600	6700	1	0,0014
11	6700	6800	2	0,0029
11	6800	6900	1	0,0014
11	6900	7000	2	0,0029
11	7100	7200	1	0,0014
11	7200	7300	1	0,0014
11	7300	7400	2	0,0029
11	7600	7700	3	0,0043
11	7700	7800	4	0,0057
11	7800	7900	1	0,0014
11	7900	8000	2	0,0029
11	8000	8100	1	0,0014
11	8100	8200	4	0,0057
11	8200	8300	3	0,0043
11	8300	8400	1	0,0014
11	8400	8500	2	0,0029
12	-13400	-13300	1	0,0014
12	-10800	-10700	1	0,0014
12	-10600	-10500	1	0,0014
12	-10300	-10200	1	0,0014
12	-10000	-9900	1	0,0014
12	-9100	-9000	3	0,0043
12	-9000	-8900	1	0,0014
12	-8800	-8700	1	0,0014
12	-8700	-8600	1	0,0014
12	-8400	-8300	1	0,0014
12	-7900	-7800	1	0,0014
12	-7800	-7700	2	0,0029
12	-7700	-7600	2	0,0029
12	-7400	-7300	4	0,0057
12	-7300	-7200	3	0,0043
12	-7200	-7100	1	0,0014
12	-7100	-7000	1	0,0014
12	-7000	-6900	1	0,0014
12	-6900	-6800	2	0,0029
12	-6800	-6700	5	0,0071
12	-6700	-6600	1	0,0014
12	-6600	-6500	3	0,0043
12	-6500	-6400	5	0,0071
12	-6400	-6300	3	0,0043
12	-6300	-6200	4	0,0057
12	-6200	-6100	4	0,0057
12	-6100	-6000	8	0,0114
12	-6000	-5900	7	0,01
12	-5900	-5800	3	0,0043
12	-5800	-5700	4	0,0057
12	-5700	-5600	9	0,0128
12	-5600	-5500	8	0,0114
12	-5500	-5400	14	0,02
12	-5400	-5300	14	0,02
12	-5300	-5200	20	0,0285
12	-5200	-5100	16	0,0228
12	-5100	-5000	11	0,0157
12	-5000	-4900	20	0,0285
12	-4900	-4800	18	0,0257
12	-4800	-4700	15	0,0214
12	-4700	-4600	20	0,0285
12	-4600	-4500	25	0,0357
12	-4500	-4400	27	0,0385
12	-4400	-4300	23	0,0328
12	-4300	-4200	29	0,0414
12	-4200	-4100	22	0,0314
12	-4100	-4000	36	0,0514
12	-4000	-3900	38	0,0542
12	-3900	-3800	42	0,0599
12	-3800	-3700	44	0,0628
12	-3700	-3600	40	0,0571
12	-3600	-3500	57	0,0813
12	-3500	-3400	60	0,0856
12	-3400	-3300	70	0,0999
12	-3300	-3200	75	0,107
12	-3200	-3100	87	0,1241
12	-3100	-3000	96	0,1369
12	-3000	-2900	110	0,1569
12	-2900	-2800	111	0,1583
12	-2800	-2700	131	0,1869
12	-2700	-2600	151	0,2154
12	-2600	-2500	174	0,2482
12	-2500	-2400	153	0,2183
12	-2400	-2300	205	0,2924
12	-2300	-2200	193	0,2753
12	-2200	-2100	212	0,3024
12	-2100	-2000	251	0,358
12	-2000	-1900	268	0,3823
12	-1900	-1800	296	0,4222
12	-1800	-1700	331	0,4722
12	-1700	-1600	342	0,4879
12	-1600	-1500	427	0,6091
12	-1500	-1400	463	0,6605
12	-1400	-1300	543	0,7746
12	-1300	-1200	609	0,8687
12	-1200	-1100	723	1,0314
12	-1100	-1000	866	1,2353
12	-1000	-900	879	1,2539
12	-900	-800	1072	1,5292
12	-800	-700	1244	1,7746
12	-700	-600	1472	2,0998
12	-600	-500	1668	2,3794
12	-500	-400	2125	3,0313
12	-400	-300	2806	4,0027
12	-300	-200	3423	4,8829
12	-200	-100	4957	7,0711
12	-100	0	7207	10,2807
12	0	100	7114	10,1481
12	100	200	4688	6,6874
12	200	300	3495	4,9856
12	300	400	2895	4,1297
12	400	500	2239	3,1939
12	500	600	1884	2,6875
12	600	700	1593	2,2724
12	700	800	1360	1,94
12	800	900	1207	1,7218
12	900	1000	1031	1,4707
12	1000	1100	875	1,2482
12	1100	1200	778	1,1098
12	1200	1300	711	1,0142
12	1300	1400	587	0,8374
12	1400	1500	563	0,8031
12	1500	1600	516	0,7361
12	1600	1700	439	0,6262
12	1700	1800	370	0,5278
12	1800	1900	349	0,4978
12	1900	2000	319	0,4551
12	2000	2100	287	0,4094
12	2100	2200	231	0,3295
12	2200	2300	234	0,3338
12	2300	2400	185	0,2639
12	2400	2500	166	0,2368
12	2500	2600	160	0,2282
12	2600	2700	141	0,2011
12	2700	2800	116	0,1655
12	2800	2900	119	0,1698
12	2900	3000	111	0,1583
12	3000	3100	103	0,1469
12	3100	3200	80	0,1141
12	3200	3300	60	0,0856
12	3300	3400	69	0,0984
12	3400	3500	62	0,0884
12	3500	3600	59	0,0842
12	3600	3700	49	0,0699
12	3700	3800	37	0,0528
12	3800	3900	35	0,0499
12	3900	4000	28	0,0399
12	4000	4100	28	0,0399
12	4100	4200	28	0,0399
12	4200	4300	30	0,0428
12	4300	4400	19	0,0271
12	4400	4500	22	0,0314
12	4500	4600	23	0,0328
12	4600	4700	15	0,0214
12	4700	4800	12	0,0171
12	4800	4900	17	0,0243
12	4900	5000	18	0,0257
12	5000	5100	10	0,0143
12	5100	5200	4	0,0057
12	5200	5300	9	0,0128
12	5300	5400	5	0,0071
12	5400	5500	11	0,0157
12	5500	5600	3	0,0043
12	5600	5700	3	0,0043
12	5700	5800	6	0,0086
12	5800	5900	4	0,0057
12	5900	6000	5	0,0071
12	6000	6100	2	0,0029
12	6100	6200	4	0,0057
12	6200	6300	9	0,0128
12	6300	6400	3	0,0043
12	6500	6600	5	0,0071
12	6700	6800	5	0,0071
12	6800	6900	5	0,0071
12	6900	7000	3	0,0043
12	7000	7100	2	0,0029
12	7100	7200	2	0,0029
12	7200	7300	3	0,0043
12	7300	7400	3	0,0043
12	7700	7800	1	0,0014
12	7800	7900	1	0,0014
12	8000	8100	2	0,0029
12	8100	8200	3	0,0043
12	8200	8300	3	0,0043
12	8300	8400	2	0,0029
12	8400	8500	1	0,0014
12	8500	8600	2	0,0029
13	-12900	-12800	1	0,0014
13	-10600	-10500	1	0,0014
13	-10300	-10200	1	0,0014
13	-9900	-9800	1	0,0014
13	-9800	-9700	1	0,0014
13	-9700	-9600	2	0,0029
13	-9400	-9300	2	0,0029
13	-9200	-9100	1	0,0014
13	-9100	-9000	1	0,0014
13	-9000	-8900	1	0,0014
13	-8800	-8700	1	0,0014
13	-8700	-8600	1	0,0014
13	-8500	-8400	2	0,0029
13	-8400	-8300	1	0,0014
13	-8200	-8100	3	0,0043
13	-8000	-7900	1	0,0014
13	-7700	-7600	2	0,0029
13	-7600	-7500	1	0,0014
13	-7500	-7400	1	0,0014
13	-7400	-7300	2	0,0029
13	-7300	-7200	1	0,0014
13	-7200	-7100	1	0,0014
13	-7100	-7000	3	0,0043
13	-7000	-6900	1	0,0014
13	-6900	-6800	2	0,0029
13	-6800	-6700	2	0,0029
13	-6700	-6600	5	0,0071
13	-6600	-6500	2	0,0029
13	-6500	-6400	4	0,0057
13	-6400	-6300	4	0,0057
13	-6300	-6200	5	0,0071
13	-6200	-6100	9	0,0128
13	-6100	-6000	8	0,0114
13	-6000	-5900	6	0,0086
13	-5900	-5800	10	0,0143
13	-5800	-5700	12	0,0171
13	-5700	-5600	11	0,0157
13	-5600	-5500	13	0,0185
13	-5500	-5400	16	0,0228
13	-5400	-5300	14	0,02
13	-5300	-5200	21	0,03
13	-5200	-5100	20	0,0285
13	-5100	-5000	19	0,0271
13	-5000	-4900	19	0,0271
13	-4900	-4800	13	0,0185
13	-4800	-4700	17	0,0243
13	-4700	-4600	18	0,0257
13	-4600	-4500	23	0,0328
13	-4500	-4400	23	0,0328
13	-4400	-4300	24	0,0342
13	-4300	-4200	24	0,0342
13	-4200	-4100	26	0,0371
13	-4100	-4000	31	0,0442
13	-4000	-3900	38	0,0542
13	-3900	-3800	45	0,0642
13	-3800	-3700	59	0,0842
13	-3700	-3600	57	0,0813
13	-3600	-3500	54	0,077
13	-3500	-3400	74	0,1056
13	-3400	-3300	63	0,0899
13	-3300	-3200	72	0,1027
13	-3200	-3100	107	0,1526
13	-3100	-3000	105	0,1498
13	-3000	-2900	114	0,1626
13	-2900	-2800	127	0,1812
13	-2800	-2700	119	0,1698
13	-2700	-2600	194	0,2767
13	-2600	-2500	169	0,2411
13	-2500	-2400	174	0,2482
13	-2400	-2300	178	0,2539
13	-2300	-2200	208	0,2967
13	-2200	-2100	267	0,3809
13	-2100	-2000	259	0,3695
13	-2000	-1900	307	0,4379
13	-1900	-1800	335	0,4779
13	-1800	-1700	313	0,4465
13	-1700	-1600	380	0,5421
13	-1600	-1500	408	0,582
13	-1500	-1400	531	0,7575
13	-1400	-1300	574	0,8188
13	-1300	-1200	636	0,9073
13	-1200	-1100	715	1,02
13	-1100	-1000	846	1,2068
13	-1000	-900	973	1,388
13	-900	-800	1064	1,5178
13	-800	-700	1237	1,7646
13	-700	-600	1394	1,9886
13	-600	-500	1715	2,4465
13	-500	-400	2195	3,1312
13	-400	-300	2705	3,8588
13	-300	-200	3488	4,9757
13	-200	-100	4705	6,7118
13	-100	0	6951	9,9158
13	0	100	6878	9,8117
13	100	200	4421	6,3067
13	200	300	3496	4,9872
13	300	400	2878	4,1056
13	400	500	2304	3,2867
13	500	600	1854	2,6448
13	600	700	1594	2,2739
13	700	800	1419	2,0243
13	800	900	1181	1,6847
13	900	1000	1032	1,4722
13	1000	1100	889	1,2682
13	1100	1200	823	1,174
13	1200	1300	715	1,02
13	1300	1400	601	0,8573
13	1400	1500	614	0,8759
13	1500	1600	487	0,6947
13	1600	1700	455	0,6491
13	1700	1800	427	0,6091
13	1800	1900	362	0,5164
13	1900	2000	342	0,4879
13	2000	2100	308	0,4394
13	2100	2200	294	0,4194
13	2200	2300	250	0,3566
13	2300	2400	232	0,331
13	2400	2500	170	0,2425
13	2500	2600	143	0,204
13	2600	2700	142	0,2026
13	2700	2800	122	0,174
13	2800	2900	128	0,1826
13	2900	3000	94	0,1341
13	3000	3100	117	0,1669
13	3100	3200	99	0,1412
13	3200	3300	79	0,1127
13	3300	3400	81	0,1155
13	3400	3500	66	0,0942
13	3500	3600	49	0,0699
13	3600	3700	53	0,0756
13	3700	3800	50	0,0713
13	3800	3900	45	0,0642
13	3900	4000	47	0,067
13	4000	4100	39	0,0556
13	4100	4200	28	0,0399
13	4200	4300	29	0,0414
13	4300	4400	23	0,0328
13	4400	4500	20	0,0285
13	4500	4600	12	0,0171
13	4600	4700	21	0,03
13	4700	4800	21	0,03
13	4800	4900	9	0,0128
13	4900	5000	21	0,03
13	5000	5100	13	0,0185
13	5100	5200	10	0,0143
13	5200	5300	11	0,0157
13	5300	5400	5	0,0071
13	5400	5500	8	0,0114
13	5500	5600	11	0,0157
13	5600	5700	5	0,0071
13	5700	5800	3	0,0043
13	5800	5900	10	0,0143
13	5900	6000	5	0,0071
13	6000	6100	5	0,0071
13	6100	6200	7	0,01
13	6200	6300	4	0,0057
13	6300	6400	4	0,0057
13	6400	6500	4	0,0057
13	6500	6600	1	0,0014
13	6600	6700	5	0,0071
13	6700	6800	2	0,0029
13	6800	6900	3	0,0043
13	6900	7000	2	0,0029
13	7000	7100	2	0,0029
13	7100	7200	4	0,0057
13	7200	7300	4	0,0057
13	7500	7600	3	0,0043
13	7600	7700	3	0,0043
13	7700	7800	2	0,0029
13	7900	8000	1	0,0014
13	8000	8100	1	0,0014
13	8100	8200	2	0,0029
13	8200	8300	1	0,0014
13	8300	8400	4	0,0057
13	8400	8500	1	0,0014
13	8500	8600	1	0,0014
14	-12900	-12800	1	0,0014
14	-10500	-10400	1	0,0014
14	-10200	-10100	1	0,0014
14	-10100	-10000	1	0,0014
14	-9700	-9600	2	0,0029
14	-9400	-9300	4	0,0057
14	-9100	-9000	2	0,0029
14	-9000	-8900	5	0,0071
14	-8900	-8800	2	0,0029
14	-8700	-8600	1	0,0014
14	-8600	-8500	2	0,0029
14	-8500	-8400	1	0,0014
14	-8100	-8000	1	0,0014
14	-8000	-7900	3	0,0043
14	-7800	-7700	3	0,0043
14	-7600	-7500	1	0,0014
14	-7500	-7400	1	0,0014
14	-7400	-7300	1	0,0014
14	-7300	-7200	2	0,0029
14	-7200	-7100	6	0,0086
14	-7100	-7000	3	0,0043
14	-7000	-6900	2	0,0029
14	-6900	-6800	2	0,0029
14	-6800	-6700	6	0,0086
14	-6700	-6600	2	0,0029
14	-6600	-6500	6	0,0086
14	-6500	-6400	3	0,0043
14	-6400	-6300	6	0,0086
14	-6300	-6200	6	0,0086
14	-6200	-6100	4	0,0057
14	-6100	-6000	7	0,01
14	-6000	-5900	5	0,0071
14	-5900	-5800	11	0,0157
14	-5800	-5700	12	0,0171
14	-5700	-5600	20	0,0285
14	-5600	-5500	13	0,0185
14	-5500	-5400	17	0,0243
14	-5400	-5300	12	0,0171
14	-5300	-5200	16	0,0228
14	-5200	-5100	13	0,0185
14	-5100	-5000	19	0,0271
14	-5000	-4900	20	0,0285
14	-4900	-4800	18	0,0257
14	-4800	-4700	22	0,0314
14	-4700	-4600	25	0,0357
14	-4600	-4500	33	0,0471
14	-4500	-4400	22	0,0314
14	-4400	-4300	22	0,0314
14	-4300	-4200	25	0,0357
14	-4200	-4100	30	0,0428
14	-4100	-4000	35	0,0499
14	-4000	-3900	37	0,0528
14	-3900	-3800	53	0,0756
14	-3800	-3700	60	0,0856
14	-3700	-3600	60	0,0856
14	-3600	-3500	63	0,0899
14	-3500	-3400	63	0,0899
14	-3400	-3300	97	0,1384
14	-3300	-3200	96	0,137
14	-3200	-3100	99	0,1412
14	-3100	-3000	124	0,1769
14	-3000	-2900	118	0,1683
14	-2900	-2800	126	0,1797
14	-2800	-2700	144	0,2054
14	-2700	-2600	178	0,2539
14	-2600	-2500	195	0,2782
14	-2500	-2400	201	0,2867
14	-2400	-2300	192	0,2739
14	-2300	-2200	220	0,3138
14	-2200	-2100	263	0,3752
14	-2100	-2000	292	0,4166
14	-2000	-1900	298	0,4251
14	-1900	-1800	349	0,4979
14	-1800	-1700	338	0,4822
14	-1700	-1600	416	0,5935
14	-1600	-1500	426	0,6077
14	-1500	-1400	543	0,7746
14	-1400	-1300	545	0,7775
14	-1300	-1200	635	0,9059
14	-1200	-1100	765	1,0913
14	-1100	-1000	799	1,1398
14	-1000	-900	993	1,4166
14	-900	-800	1091	1,5564
14	-800	-700	1247	1,7789
14	-700	-600	1465	2,0899
14	-600	-500	1719	2,4523
14	-500	-400	2187	3,1199
14	-400	-300	2668	3,8061
14	-300	-200	3443	4,9117
14	-200	-100	4639	6,6179
14	-100	0	6638	9,4696
14	0	100	6513	9,2913
14	100	200	4496	6,4139
14	200	300	3436	4,9017
14	300	400	2726	3,8888
14	400	500	2326	3,3182
14	500	600	1922	2,7419
14	600	700	1594	2,274
14	700	800	1342	1,9145
14	800	900	1232	1,7575
14	900	1000	1078	1,5378
14	1000	1100	881	1,2568
14	1100	1200	817	1,1655
14	1200	1300	720	1,0271
14	1300	1400	676	0,9644
14	1400	1500	598	0,8531
14	1500	1600	529	0,7547
14	1600	1700	502	0,7161
14	1700	1800	440	0,6277
14	1800	1900	384	0,5478
14	1900	2000	357	0,5093
14	2000	2100	348	0,4964
14	2100	2200	282	0,4023
14	2200	2300	246	0,3509
14	2300	2400	220	0,3138
14	2400	2500	186	0,2653
14	2500	2600	174	0,2482
14	2600	2700	154	0,2197
14	2700	2800	142	0,2026
14	2800	2900	123	0,1755
14	2900	3000	133	0,1897
14	3000	3100	108	0,1541
14	3100	3200	96	0,137
14	3200	3300	95	0,1355
14	3300	3400	82	0,117
14	3400	3500	84	0,1198
14	3500	3600	73	0,1041
14	3600	3700	62	0,0884
14	3700	3800	52	0,0742
14	3800	3900	49	0,0699
14	3900	4000	40	0,0571
14	4000	4100	46	0,0656
14	4100	4200	33	0,0471
14	4200	4300	27	0,0385
14	4300	4400	24	0,0342
14	4400	4500	25	0,0357
14	4500	4600	20	0,0285
14	4600	4700	17	0,0243
14	4700	4800	23	0,0328
14	4800	4900	19	0,0271
14	4900	5000	16	0,0228
14	5000	5100	10	0,0143
14	5100	5200	18	0,0257
14	5200	5300	9	0,0128
14	5300	5400	12	0,0171
14	5400	5500	8	0,0114
14	5500	5600	8	0,0114
14	5600	5700	8	0,0114
14	5700	5800	6	0,0086
14	5800	5900	3	0,0043
14	5900	6000	3	0,0043
14	6000	6100	9	0,0128
14	6100	6200	5	0,0071
14	6200	6300	4	0,0057
14	6300	6400	3	0,0043
14	6400	6500	3	0,0043
14	6500	6600	2	0,0029
14	6600	6700	5	0,0071
14	6700	6800	6	0,0086
14	6800	6900	3	0,0043
14	6900	7000	8	0,0114
14	7000	7100	5	0,0071
14	7100	7200	4	0,0057
14	7200	7300	5	0,0071
14	7300	7400	2	0,0029
14	7400	7500	1	0,0014
14	7500	7600	3	0,0043
14	7600	7700	3	0,0043
14	7700	7800	2	0,0029
14	8000	8100	4	0,0057
14	8200	8300	1	0,0014
14	8300	8400	2	0,0029
14	8400	8500	1	0,0014
14	8500	8600	1	0,0014
15	-13100	-13000	1	0,0014
15	-10500	-10400	1	0,0014
15	-10200	-10100	1	0,0014
15	-10100	-10000	1	0,0014
15	-9800	-9700	1	0,0014
15	-9700	-9600	1	0,0014
15	-9600	-9500	1	0,0014
15	-9400	-9300	2	0,0029
15	-9300	-9200	3	0,0043
15	-9200	-9100	3	0,0043
15	-9100	-9000	1	0,0014
15	-9000	-8900	2	0,0029
15	-8900	-8800	4	0,0057
15	-8800	-8700	1	0,0014
15	-8700	-8600	1	0,0014
15	-8500	-8400	1	0,0014
15	-8400	-8300	3	0,0043
15	-8300	-8200	1	0,0014
15	-8200	-8100	1	0,0014
15	-8100	-8000	1	0,0014
15	-8000	-7900	2	0,0029
15	-7900	-7800	3	0,0043
15	-7800	-7700	1	0,0014
15	-7600	-7500	1	0,0014
15	-7500	-7400	1	0,0014
15	-7400	-7300	1	0,0014
15	-7300	-7200	6	0,0086
15	-7200	-7100	3	0,0043
15	-7000	-6900	4	0,0057
15	-6900	-6800	4	0,0057
15	-6800	-6700	6	0,0086
15	-6700	-6600	3	0,0043
15	-6600	-6500	3	0,0043
15	-6500	-6400	5	0,0071
15	-6400	-6300	3	0,0043
15	-6300	-6200	7	0,01
15	-6200	-6100	10	0,0143
15	-6100	-6000	9	0,0128
15	-6000	-5900	11	0,0157
15	-5900	-5800	12	0,0171
15	-5800	-5700	11	0,0157
15	-5700	-5600	13	0,0185
15	-5600	-5500	15	0,0214
15	-5500	-5400	16	0,0228
15	-5400	-5300	15	0,0214
15	-5300	-5200	25	0,0357
15	-5200	-5100	16	0,0228
15	-5100	-5000	15	0,0214
15	-5000	-4900	13	0,0185
15	-4900	-4800	23	0,0328
15	-4800	-4700	24	0,0342
15	-4700	-4600	23	0,0328
15	-4600	-4500	30	0,0428
15	-4500	-4400	28	0,0399
15	-4400	-4300	28	0,0399
15	-4300	-4200	33	0,0471
15	-4200	-4100	34	0,0485
15	-4100	-4000	31	0,0442
15	-4000	-3900	51	0,0728
15	-3900	-3800	58	0,0827
15	-3800	-3700	54	0,077
15	-3700	-3600	71	0,1013
15	-3600	-3500	60	0,0856
15	-3500	-3400	100	0,1427
15	-3400	-3300	87	0,1241
15	-3300	-3200	107	0,1526
15	-3200	-3100	114	0,1626
15	-3100	-3000	124	0,1769
15	-3000	-2900	128	0,1826
15	-2900	-2800	128	0,1826
15	-2800	-2700	159	0,2268
15	-2700	-2600	185	0,2639
15	-2600	-2500	200	0,2853
15	-2500	-2400	210	0,2996
15	-2400	-2300	189	0,2696
15	-2300	-2200	266	0,3795
15	-2200	-2100	271	0,3866
15	-2100	-2000	267	0,3809
15	-2000	-1900	329	0,4694
15	-1900	-1800	350	0,4993
15	-1800	-1700	368	0,525
15	-1700	-1600	429	0,612
15	-1600	-1500	465	0,6634
15	-1500	-1400	506	0,7219
15	-1400	-1300	601	0,8574
15	-1300	-1200	658	0,9387
15	-1200	-1100	749	1,0685
15	-1100	-1000	807	1,1513
15	-1000	-900	1011	1,4423
15	-900	-800	1068	1,5236
15	-800	-700	1313	1,8731
15	-700	-600	1458	2,08
15	-600	-500	1673	2,3867
15	-500	-400	2177	3,1057
15	-400	-300	2770	3,9517
15	-300	-200	3307	4,7178
15	-200	-100	4639	6,6181
15	-100	0	6352	9,0619
15	0	100	6250	8,9163
15	100	200	4373	6,2386
15	200	300	3383	4,8262
15	300	400	2746	3,9175
15	400	500	2234	3,1871
15	500	600	1897	2,7063
15	600	700	1585	2,2612
15	700	800	1383	1,973
15	800	900	1271	1,8132
15	900	1000	1102	1,5721
15	1000	1100	940	1,341
15	1100	1200	805	1,1484
15	1200	1300	769	1,0971
15	1300	1400	685	0,9772
15	1400	1500	593	0,846
15	1500	1600	589	0,8403
15	1600	1700	495	0,7062
15	1700	1800	436	0,622
15	1800	1900	395	0,5635
15	1900	2000	366	0,5221
15	2000	2100	332	0,4736
15	2100	2200	314	0,448
15	2200	2300	269	0,3838
15	2300	2400	248	0,3538
15	2400	2500	209	0,2982
15	2500	2600	189	0,2696
15	2600	2700	145	0,2069
15	2700	2800	150	0,214
15	2800	2900	124	0,1769
15	2900	3000	137	0,1954
15	3000	3100	119	0,1698
15	3100	3200	122	0,174
15	3200	3300	116	0,1655
15	3300	3400	100	0,1427
15	3400	3500	87	0,1241
15	3500	3600	77	0,1098
15	3600	3700	65	0,0927
15	3700	3800	66	0,0942
15	3800	3900	49	0,0699
15	3900	4000	44	0,0628
15	4000	4100	34	0,0485
15	4100	4200	37	0,0528
15	4200	4300	32	0,0457
15	4300	4400	37	0,0528
15	4400	4500	23	0,0328
15	4500	4600	26	0,0371
15	4600	4700	25	0,0357
15	4700	4800	17	0,0243
15	4800	4900	27	0,0385
15	4900	5000	19	0,0271
15	5000	5100	16	0,0228
15	5100	5200	14	0,02
15	5200	5300	9	0,0128
15	5300	5400	15	0,0214
15	5400	5500	10	0,0143
15	5500	5600	7	0,01
15	5600	5700	9	0,0128
15	5700	5800	5	0,0071
15	5800	5900	7	0,01
15	5900	6000	9	0,0128
15	6000	6100	3	0,0043
15	6100	6200	6	0,0086
15	6200	6300	1	0,0014
15	6300	6400	2	0,0029
15	6400	6500	4	0,0057
15	6500	6600	6	0,0086
15	6600	6700	5	0,0071
15	6700	6800	6	0,0086
15	6800	6900	5	0,0071
15	6900	7000	5	0,0071
15	7000	7100	5	0,0071
15	7100	7200	3	0,0043
15	7200	7300	4	0,0057
15	7300	7400	1	0,0014
15	7400	7500	3	0,0043
15	7500	7600	3	0,0043
15	7600	7700	3	0,0043
15	7700	7800	2	0,0029
15	7800	7900	2	0,0029
15	7900	8000	1	0,0014
15	8000	8100	4	0,0057
15	8100	8200	1	0,0014
15	8200	8300	1	0,0014
15	8300	8400	2	0,0029
15	8400	8500	1	0,0014
15	8500	8600	1	0,0014
15	9000	9100	1	0,0014
16	-13000	-12900	1	0,0014
16	-10500	-10400	1	0,0014
16	-10400	-10300	1	0,0014
16	-10300	-10200	1	0,0014
16	-10000	-9900	1	0,0014
16	-9700	-9600	1	0,0014
16	-9600	-9500	1	0,0014
16	-9400	-9300	2	0,0029
16	-9300	-9200	3	0,0043
16	-9200	-9100	3	0,0043
16	-9100	-9000	2	0,0029
16	-9000	-8900	1	0,0014
16	-8900	-8800	4	0,0057
16	-8800	-8700	2	0,0029
16	-8700	-8600	3	0,0043
16	-8600	-8500	2	0,0029
16	-8500	-8400	3	0,0043
16	-8300	-8200	1	0,0014
16	-8200	-8100	4	0,0057
16	-8000	-7900	3	0,0043
16	-7900	-7800	1	0,0014
16	-7800	-7700	2	0,0029
16	-7700	-7600	1	0,0014
16	-7600	-7500	3	0,0043
16	-7500	-7400	2	0,0029
16	-7400	-7300	2	0,0029
16	-7300	-7200	1	0,0014
16	-7200	-7100	3	0,0043
16	-7100	-7000	1	0,0014
16	-7000	-6900	2	0,0029
16	-6900	-6800	5	0,0071
16	-6800	-6700	5	0,0071
16	-6700	-6600	6	0,0086
16	-6600	-6500	6	0,0086
16	-6500	-6400	5	0,0071
16	-6400	-6300	5	0,0071
16	-6300	-6200	10	0,0143
16	-6200	-6100	11	0,0157
16	-6100	-6000	7	0,01
16	-6000	-5900	9	0,0128
16	-5900	-5800	10	0,0143
16	-5800	-5700	10	0,0143
16	-5700	-5600	14	0,02
16	-5600	-5500	12	0,0171
16	-5500	-5400	28	0,0399
16	-5400	-5300	22	0,0314
16	-5300	-5200	18	0,0257
16	-5200	-5100	19	0,0271
16	-5100	-5000	12	0,0171
16	-5000	-4900	21	0,03
16	-4900	-4800	25	0,0357
16	-4800	-4700	28	0,0399
16	-4700	-4600	22	0,0314
16	-4600	-4500	29	0,0414
16	-4500	-4400	26	0,0371
16	-4400	-4300	46	0,0656
16	-4300	-4200	29	0,0414
16	-4200	-4100	44	0,0628
16	-4100	-4000	50	0,0713
16	-4000	-3900	45	0,0642
16	-3900	-3800	56	0,0799
16	-3800	-3700	70	0,0999
16	-3700	-3600	59	0,0842
16	-3600	-3500	61	0,087
16	-3500	-3400	81	0,1156
16	-3400	-3300	84	0,1198
16	-3300	-3200	115	0,1641
16	-3200	-3100	122	0,1741
16	-3100	-3000	130	0,1855
16	-3000	-2900	152	0,2169
16	-2900	-2800	151	0,2154
16	-2800	-2700	195	0,2782
16	-2700	-2600	193	0,2753
16	-2600	-2500	181	0,2582
16	-2500	-2400	215	0,3067
16	-2400	-2300	224	0,3196
16	-2300	-2200	255	0,3638
16	-2200	-2100	272	0,3881
16	-2100	-2000	298	0,4251
16	-2000	-1900	336	0,4794
16	-1900	-1800	363	0,5179
16	-1800	-1700	396	0,565
16	-1700	-1600	415	0,5921
16	-1600	-1500	469	0,6691
16	-1500	-1400	545	0,7775
16	-1400	-1300	626	0,8931
16	-1300	-1200	676	0,9644
16	-1200	-1100	783	1,1171
16	-1100	-1000	854	1,2184
16	-1000	-900	954	1,361
16	-900	-800	1102	1,5722
16	-800	-700	1263	1,8019
16	-700	-600	1521	2,1699
16	-600	-500	1702	2,4282
16	-500	-400	2176	3,1044
16	-400	-300	2645	3,7735
16	-300	-200	3311	4,7237
16	-200	-100	4497	6,4157
16	-100	0	6242	8,9052
16	0	100	6022	8,5913
16	100	200	4289	6,1189
16	200	300	3258	4,648
16	300	400	2749	3,9219
16	400	500	2215	3,16
16	500	600	1825	2,6036
16	600	700	1654	2,3597
16	700	800	1368	1,9517
16	800	900	1200	1,712
16	900	1000	1169	1,6678
16	1000	1100	950	1,3553
16	1100	1200	836	1,1927
16	1200	1300	772	1,1014
16	1300	1400	732	1,0443
16	1400	1500	672	0,9587
16	1500	1600	559	0,7975
16	1600	1700	496	0,7076
16	1700	1800	421	0,6006
16	1800	1900	445	0,6349
16	1900	2000	416	0,5935
16	2000	2100	341	0,4865
16	2100	2200	303	0,4323
16	2200	2300	271	0,3866
16	2300	2400	238	0,3395
16	2400	2500	233	0,3324
16	2500	2600	192	0,2739
16	2600	2700	180	0,2568
16	2700	2800	145	0,2069
16	2800	2900	145	0,2069
16	2900	3000	142	0,2026
16	3000	3100	149	0,2126
16	3100	3200	110	0,1569
16	3200	3300	112	0,1598
16	3300	3400	100	0,1427
16	3400	3500	90	0,1284
16	3500	3600	88	0,1255
16	3600	3700	77	0,1099
16	3700	3800	74	0,1056
16	3800	3900	50	0,0713
16	3900	4000	52	0,0742
16	4000	4100	62	0,0885
16	4100	4200	43	0,0613
16	4200	4300	40	0,0571
16	4300	4400	31	0,0442
16	4400	4500	27	0,0385
16	4500	4600	22	0,0314
16	4600	4700	30	0,0428
16	4700	4800	25	0,0357
16	4800	4900	24	0,0342
16	4900	5000	18	0,0257
16	5000	5100	17	0,0243
16	5100	5200	18	0,0257
16	5200	5300	16	0,0228
16	5300	5400	12	0,0171
16	5400	5500	11	0,0157
16	5500	5600	9	0,0128
16	5600	5700	7	0,01
16	5700	5800	7	0,01
16	5800	5900	3	0,0043
16	5900	6000	7	0,01
16	6000	6100	9	0,0128
16	6100	6200	7	0,01
16	6200	6300	3	0,0043
16	6300	6400	2	0,0029
16	6400	6500	6	0,0086
16	6500	6600	6	0,0086
16	6600	6700	4	0,0057
16	6700	6800	7	0,01
16	6800	6900	6	0,0086
16	6900	7000	1	0,0014
16	7000	7100	5	0,0071
16	7100	7200	5	0,0071
16	7200	7300	5	0,0071
16	7300	7400	3	0,0043
16	7400	7500	2	0,0029
16	7500	7600	4	0,0057
16	7600	7700	4	0,0057
16	7700	7800	5	0,0071
16	7800	7900	1	0,0014
16	7900	8000	5	0,0071
16	8000	8100	2	0,0029
16	8100	8200	1	0,0014
16	8200	8300	1	0,0014
16	8300	8400	3	0,0043
16	8500	8600	1	0,0014
17	-12900	-12800	1	0,0014
17	-10900	-10800	1	0,0014
17	-10600	-10500	1	0,0014
17	-10500	-10400	1	0,0014
17	-10200	-10100	1	0,0014
17	-10100	-10000	1	0,0014
17	-9800	-9700	1	0,0014
17	-9700	-9600	2	0,0029
17	-9600	-9500	2	0,0029
17	-9500	-9400	3	0,0043
17	-9400	-9300	2	0,0029
17	-9300	-9200	4	0,0057
17	-9200	-9100	2	0,0029
17	-9100	-9000	1	0,0014
17	-9000	-8900	1	0,0014
17	-8900	-8800	1	0,0014
17	-8800	-8700	2	0,0029
17	-8700	-8600	4	0,0057
17	-8600	-8500	1	0,0014
17	-8500	-8400	1	0,0014
17	-8400	-8300	2	0,0029
17	-8200	-8100	1	0,0014
17	-8100	-8000	2	0,0029
17	-8000	-7900	1	0,0014
17	-7900	-7800	1	0,0014
17	-7800	-7700	3	0,0043
17	-7700	-7600	2	0,0029
17	-7600	-7500	2	0,0029
17	-7500	-7400	6	0,0086
17	-7400	-7300	3	0,0043
17	-7300	-7200	1	0,0014
17	-7200	-7100	1	0,0014
17	-7100	-7000	4	0,0057
17	-7000	-6900	4	0,0057
17	-6900	-6800	6	0,0086
17	-6800	-6700	7	0,01
17	-6700	-6600	5	0,0071
17	-6600	-6500	9	0,0128
17	-6500	-6400	9	0,0128
17	-6400	-6300	7	0,01
17	-6300	-6200	10	0,0143
17	-6200	-6100	14	0,02
17	-6100	-6000	6	0,0086
17	-6000	-5900	16	0,0228
17	-5900	-5800	11	0,0157
17	-5800	-5700	10	0,0143
17	-5700	-5600	21	0,03
17	-5600	-5500	15	0,0214
17	-5500	-5400	11	0,0157
17	-5400	-5300	26	0,0371
17	-5300	-5200	18	0,0257
17	-5200	-5100	20	0,0285
17	-5100	-5000	15	0,0214
17	-5000	-4900	23	0,0328
17	-4900	-4800	22	0,0314
17	-4800	-4700	33	0,0471
17	-4700	-4600	32	0,0457
17	-4600	-4500	34	0,0485
17	-4500	-4400	32	0,0457
17	-4400	-4300	32	0,0457
17	-4300	-4200	32	0,0457
17	-4200	-4100	41	0,0585
17	-4100	-4000	41	0,0585
17	-4000	-3900	63	0,0899
17	-3900	-3800	49	0,0699
17	-3800	-3700	57	0,0813
17	-3700	-3600	66	0,0942
17	-3600	-3500	82	0,117
17	-3500	-3400	83	0,1184
17	-3400	-3300	107	0,1527
17	-3300	-3200	126	0,1798
17	-3200	-3100	122	0,1741
17	-3100	-3000	135	0,1926
17	-3000	-2900	171	0,244
17	-2900	-2800	176	0,2511
17	-2800	-2700	169	0,2411
17	-2700	-2600	197	0,2811
17	-2600	-2500	206	0,2939
17	-2500	-2400	227	0,3239
17	-2400	-2300	229	0,3267
17	-2300	-2200	247	0,3524
17	-2200	-2100	284	0,4052
17	-2100	-2000	326	0,4651
17	-2000	-1900	382	0,545
17	-1900	-1800	374	0,5336
17	-1800	-1700	414	0,5907
17	-1700	-1600	424	0,6049
17	-1600	-1500	450	0,642
17	-1500	-1400	567	0,8089
17	-1400	-1300	602	0,8589
17	-1300	-1200	677	0,9659
17	-1200	-1100	758	1,0814
17	-1100	-1000	908	1,2954
17	-1000	-900	1075	1,5337
17	-900	-800	1078	1,538
17	-800	-700	1308	1,8661
17	-700	-600	1489	2,1244
17	-600	-500	1713	2,4439
17	-500	-400	2141	3,0546
17	-400	-300	2652	3,7836
17	-300	-200	3260	4,651
17	-200	-100	4384	6,2546
17	-100	0	5961	8,5045
17	0	100	5923	8,4503
17	100	200	4135	5,8994
17	200	300	3196	4,5597
17	300	400	2652	3,7836
17	400	500	2211	3,1544
17	500	600	1921	2,7407
17	600	700	1638	2,3369
17	700	800	1345	1,9189
17	800	900	1279	1,8247
17	900	1000	1078	1,538
17	1000	1100	1019	1,4538
17	1100	1200	861	1,2284
17	1200	1300	807	1,1513
17	1300	1400	730	1,0415
17	1400	1500	675	0,963
17	1500	1600	567	0,8089
17	1600	1700	534	0,7619
17	1700	1800	420	0,5992
17	1800	1900	437	0,6235
17	1900	2000	405	0,5778
17	2000	2100	360	0,5136
17	2100	2200	334	0,4765
17	2200	2300	291	0,4152
17	2300	2400	249	0,3552
17	2400	2500	250	0,3567
17	2500	2600	209	0,2982
17	2600	2700	180	0,2568
17	2700	2800	176	0,2511
17	2800	2900	169	0,2411
17	2900	3000	142	0,2026
17	3000	3100	128	0,1826
17	3100	3200	124	0,1769
17	3200	3300	118	0,1684
17	3300	3400	124	0,1769
17	3400	3500	95	0,1355
17	3500	3600	93	0,1327
17	3600	3700	81	0,1156
17	3700	3800	70	0,0999
17	3800	3900	58	0,0827
17	3900	4000	60	0,0856
17	4000	4100	53	0,0756
17	4100	4200	51	0,0728
17	4200	4300	48	0,0685
17	4300	4400	49	0,0699
17	4400	4500	39	0,0556
17	4500	4600	32	0,0457
17	4600	4700	27	0,0385
17	4700	4800	32	0,0457
17	4800	4900	19	0,0271
17	4900	5000	21	0,03
17	5000	5100	14	0,02
17	5100	5200	18	0,0257
17	5200	5300	6	0,0086
17	5300	5400	17	0,0243
17	5400	5500	10	0,0143
17	5500	5600	5	0,0071
17	5600	5700	7	0,01
17	5700	5800	9	0,0128
17	5800	5900	12	0,0171
17	5900	6000	7	0,01
17	6000	6100	8	0,0114
17	6100	6200	5	0,0071
17	6200	6300	4	0,0057
17	6300	6400	7	0,01
17	6400	6500	7	0,01
17	6500	6600	10	0,0143
17	6600	6700	5	0,0071
17	6700	6800	6	0,0086
17	6800	6900	4	0,0057
17	6900	7000	1	0,0014
17	7000	7100	6	0,0086
17	7100	7200	7	0,01
17	7200	7300	4	0,0057
17	7300	7400	4	0,0057
17	7400	7500	4	0,0057
17	7500	7600	1	0,0014
17	7600	7700	3	0,0043
17	7700	7800	5	0,0071
17	7800	7900	6	0,0086
17	7900	8000	1	0,0014
17	8000	8100	2	0,0029
17	8100	8200	1	0,0014
17	8200	8300	2	0,0029
17	8300	8400	2	0,0029
17	8400	8500	2	0,0029
17	8500	8600	1	0,0014
17	9000	9100	1	0,0014
18	-13100	-13000	1	0,0014
18	-11300	-11200	2	0,0029
18	-10900	-10800	1	0,0014
18	-10500	-10400	1	0,0014
18	-10300	-10200	1	0,0014
18	-10100	-10000	1	0,0014
18	-9900	-9800	2	0,0029
18	-9800	-9700	1	0,0014
18	-9600	-9500	3	0,0043
18	-9500	-9400	2	0,0029
18	-9200	-9100	4	0,0057
18	-9100	-9000	4	0,0057
18	-9000	-8900	3	0,0043
18	-8900	-8800	3	0,0043
18	-8800	-8700	1	0,0014
18	-8700	-8600	2	0,0029
18	-8600	-8500	2	0,0029
18	-8500	-8400	2	0,0029
18	-8300	-8200	3	0,0043
18	-8200	-8100	3	0,0043
18	-7900	-7800	3	0,0043
18	-7800	-7700	1	0,0014
18	-7700	-7600	2	0,0029
18	-7600	-7500	6	0,0086
18	-7500	-7400	7	0,01
18	-7400	-7300	4	0,0057
18	-7300	-7200	6	0,0086
18	-7200	-7100	4	0,0057
18	-7100	-7000	4	0,0057
18	-7000	-6900	4	0,0057
18	-6900	-6800	7	0,01
18	-6800	-6700	5	0,0071
18	-6700	-6600	9	0,0128
18	-6600	-6500	7	0,01
18	-6500	-6400	8	0,0114
18	-6400	-6300	6	0,0086
18	-6300	-6200	14	0,02
18	-6200	-6100	13	0,0185
18	-6100	-6000	10	0,0143
18	-6000	-5900	11	0,0157
18	-5900	-5800	9	0,0128
18	-5800	-5700	18	0,0257
18	-5700	-5600	15	0,0214
18	-5600	-5500	13	0,0185
18	-5500	-5400	23	0,0328
18	-5400	-5300	20	0,0285
18	-5300	-5200	21	0,03
18	-5200	-5100	30	0,0428
18	-5100	-5000	19	0,0271
18	-5000	-4900	21	0,03
18	-4900	-4800	24	0,0342
18	-4800	-4700	36	0,0514
18	-4700	-4600	23	0,0328
18	-4600	-4500	28	0,0399
18	-4500	-4400	32	0,0457
18	-4400	-4300	35	0,0499
18	-4300	-4200	43	0,0613
18	-4200	-4100	44	0,0628
18	-4100	-4000	75	0,107
18	-4000	-3900	35	0,0499
18	-3900	-3800	61	0,087
18	-3800	-3700	48	0,0685
18	-3700	-3600	76	0,1084
18	-3600	-3500	89	0,127
18	-3500	-3400	98	0,1398
18	-3400	-3300	107	0,1527
18	-3300	-3200	119	0,1698
18	-3200	-3100	131	0,1869
18	-3100	-3000	170	0,2425
18	-3000	-2900	155	0,2211
18	-2900	-2800	171	0,244
18	-2800	-2700	200	0,2853
18	-2700	-2600	193	0,2754
18	-2600	-2500	229	0,3267
18	-2500	-2400	236	0,3367
18	-2400	-2300	237	0,3381
18	-2300	-2200	246	0,351
18	-2200	-2100	272	0,3881
18	-2100	-2000	384	0,5479
18	-2000	-1900	355	0,5065
18	-1900	-1800	397	0,5664
18	-1800	-1700	392	0,5593
18	-1700	-1600	447	0,6378
18	-1600	-1500	496	0,7077
18	-1500	-1400	615	0,8774
18	-1400	-1300	583	0,8318
18	-1300	-1200	684	0,9759
18	-1200	-1100	761	1,0857
18	-1100	-1000	911	1,2998
18	-1000	-900	1070	1,5266
18	-900	-800	1158	1,6522
18	-800	-700	1330	1,8976
18	-700	-600	1504	2,1458
18	-600	-500	1703	2,4297
18	-500	-400	2096	2,9904
18	-400	-300	2615	3,7309
18	-300	-200	3213	4,5841
18	-200	-100	4223	6,0251
18	-100	0	5774	8,238
18	0	100	5721	8,1624
18	100	200	4085	5,8282
18	200	300	3155	4,5014
18	300	400	2669	3,808
18	400	500	2192	3,1274
18	500	600	1940	2,7679
18	600	700	1596	2,2771
18	700	800	1400	1,9974
18	800	900	1295	1,8476
18	900	1000	1107	1,5794
18	1000	1100	967	1,3797
18	1100	1200	830	1,1842
18	1200	1300	820	1,1699
18	1300	1400	759	1,0829
18	1400	1500	688	0,9816
18	1500	1600	605	0,8632
18	1600	1700	528	0,7533
18	1700	1800	476	0,6791
18	1800	1900	470	0,6706
18	1900	2000	393	0,5607
18	2000	2100	352	0,5022
18	2100	2200	329	0,4694
18	2200	2300	327	0,4665
18	2300	2400	287	0,4095
18	2400	2500	220	0,3139
18	2500	2600	230	0,3281
18	2600	2700	203	0,2896
18	2700	2800	179	0,2554
18	2800	2900	168	0,2397
18	2900	3000	138	0,1969
18	3000	3100	151	0,2154
18	3100	3200	122	0,1741
18	3200	3300	124	0,1769
18	3300	3400	111	0,1584
18	3400	3500	107	0,1527
18	3500	3600	106	0,1512
18	3600	3700	86	0,1227
18	3700	3800	93	0,1327
18	3800	3900	69	0,0984
18	3900	4000	59	0,0842
18	4000	4100	62	0,0885
18	4100	4200	56	0,0799
18	4200	4300	65	0,0927
18	4300	4400	44	0,0628
18	4400	4500	35	0,0499
18	4500	4600	39	0,0556
18	4600	4700	23	0,0328
18	4700	4800	34	0,0485
18	4800	4900	22	0,0314
18	4900	5000	22	0,0314
18	5000	5100	21	0,03
18	5100	5200	15	0,0214
18	5200	5300	12	0,0171
18	5300	5400	12	0,0171
18	5400	5500	17	0,0243
18	5500	5600	13	0,0185
18	5600	5700	9	0,0128
18	5700	5800	2	0,0029
18	5800	5900	10	0,0143
18	5900	6000	11	0,0157
18	6000	6100	7	0,01
18	6100	6200	4	0,0057
18	6200	6300	12	0,0171
18	6300	6400	8	0,0114
18	6400	6500	6	0,0086
18	6500	6600	3	0,0043
18	6600	6700	4	0,0057
18	6700	6800	8	0,0114
18	6800	6900	14	0,02
18	6900	7000	4	0,0057
18	7000	7100	9	0,0128
18	7100	7200	6	0,0086
18	7200	7300	3	0,0043
18	7300	7400	3	0,0043
18	7400	7500	4	0,0057
18	7500	7600	4	0,0057
18	7600	7700	1	0,0014
18	7700	7800	3	0,0043
18	7800	7900	2	0,0029
18	7900	8000	5	0,0071
18	8000	8100	3	0,0043
18	8200	8300	2	0,0029
18	8300	8400	1	0,0014
18	8400	8500	3	0,0043
18	8500	8600	1	0,0014
18	8600	8700	2	0,0029
18	8900	9000	1	0,0014
19	-13000	-12900	1	0,0014
19	-11300	-11200	1	0,0014
19	-11100	-11000	1	0,0014
19	-11000	-10900	1	0,0014
19	-10800	-10700	1	0,0014
19	-10400	-10300	1	0,0014
19	-10300	-10200	2	0,0029
19	-9900	-9800	1	0,0014
19	-9700	-9600	1	0,0014
19	-9600	-9500	1	0,0014
19	-9500	-9400	3	0,0043
19	-9400	-9300	6	0,0086
19	-9200	-9100	2	0,0029
19	-9100	-9000	2	0,0029
19	-9000	-8900	1	0,0014
19	-8900	-8800	3	0,0043
19	-8800	-8700	2	0,0029
19	-8700	-8600	2	0,0029
19	-8600	-8500	1	0,0014
19	-8500	-8400	4	0,0057
19	-8400	-8300	3	0,0043
19	-8300	-8200	2	0,0029
19	-8200	-8100	4	0,0057
19	-8100	-8000	6	0,0086
19	-8000	-7900	3	0,0043
19	-7900	-7800	3	0,0043
19	-7800	-7700	5	0,0071
19	-7700	-7600	3	0,0043
19	-7600	-7500	4	0,0057
19	-7500	-7400	2	0,0029
19	-7400	-7300	4	0,0057
19	-7300	-7200	5	0,0071
19	-7200	-7100	7	0,01
19	-7100	-7000	5	0,0071
19	-7000	-6900	7	0,01
19	-6900	-6800	6	0,0086
19	-6800	-6700	4	0,0057
19	-6700	-6600	7	0,01
19	-6600	-6500	13	0,0185
19	-6500	-6400	6	0,0086
19	-6400	-6300	15	0,0214
19	-6300	-6200	8	0,0114
19	-6200	-6100	9	0,0128
19	-6100	-6000	12	0,0171
19	-6000	-5900	18	0,0257
19	-5900	-5800	18	0,0257
19	-5800	-5700	14	0,02
19	-5700	-5600	16	0,0228
19	-5600	-5500	14	0,02
19	-5500	-5400	20	0,0285
19	-5400	-5300	24	0,0342
19	-5300	-5200	24	0,0342
19	-5200	-5100	28	0,0399
19	-5100	-5000	20	0,0285
19	-5000	-4900	23	0,0328
19	-4900	-4800	27	0,0385
19	-4800	-4700	30	0,0428
19	-4700	-4600	24	0,0342
19	-4600	-4500	30	0,0428
19	-4500	-4400	42	0,0599
19	-4400	-4300	34	0,0485
19	-4300	-4200	42	0,0599
19	-4200	-4100	44	0,0628
19	-4100	-4000	44	0,0628
19	-4000	-3900	65	0,0927
19	-3900	-3800	65	0,0927
19	-3800	-3700	73	0,1042
19	-3700	-3600	70	0,0999
19	-3600	-3500	77	0,1099
19	-3500	-3400	113	0,1612
19	-3400	-3300	113	0,1612
19	-3300	-3200	119	0,1698
19	-3200	-3100	160	0,2283
19	-3100	-3000	169	0,2411
19	-3000	-2900	165	0,2354
19	-2900	-2800	196	0,2796
19	-2800	-2700	202	0,2882
19	-2700	-2600	198	0,2825
19	-2600	-2500	221	0,3153
19	-2500	-2400	233	0,3324
19	-2400	-2300	267	0,3809
19	-2300	-2200	260	0,371
19	-2200	-2100	301	0,4295
19	-2100	-2000	351	0,5008
19	-2000	-1900	367	0,5236
19	-1900	-1800	377	0,5379
19	-1800	-1700	418	0,5964
19	-1700	-1600	496	0,7077
19	-1600	-1500	513	0,7319
19	-1500	-1400	553	0,789
19	-1400	-1300	655	0,9345
19	-1300	-1200	710	1,013
19	-1200	-1100	756	1,0786
19	-1100	-1000	908	1,2955
19	-1000	-900	1052	1,501
19	-900	-800	1162	1,6579
19	-800	-700	1338	1,909
19	-700	-600	1481	2,1131
19	-600	-500	1778	2,5368
19	-500	-400	2147	3,0633
19	-400	-300	2517	3,5912
19	-300	-200	3175	4,53
19	-200	-100	4229	6,0338
19	-100	0	5460	7,7902
19	0	100	5610	8,0042
19	100	200	4004	5,7128
19	200	300	3168	4,52
19	300	400	2623	3,7424
19	400	500	2160	3,0818
19	500	600	1928	2,7508
19	600	700	1551	2,2129
19	700	800	1427	2,036
19	800	900	1268	1,8092
19	900	1000	1071	1,5281
19	1000	1100	1031	1,471
19	1100	1200	895	1,277
19	1200	1300	804	1,1471
19	1300	1400	762	1,0872
19	1400	1500	660	0,9417
19	1500	1600	628	0,896
19	1600	1700	550	0,7847
19	1700	1800	473	0,6749
19	1800	1900	495	0,7063
19	1900	2000	423	0,6035
19	2000	2100	357	0,5094
19	2100	2200	379	0,5407
19	2200	2300	318	0,4537
19	2300	2400	267	0,3809
19	2400	2500	260	0,371
19	2500	2600	226	0,3225
19	2600	2700	177	0,2525
19	2700	2800	213	0,3039
19	2800	2900	170	0,2426
19	2900	3000	163	0,2326
19	3000	3100	153	0,2183
19	3100	3200	136	0,194
19	3200	3300	125	0,1783
19	3300	3400	124	0,1769
19	3400	3500	124	0,1769
19	3500	3600	103	0,147
19	3600	3700	85	0,1213
19	3700	3800	78	0,1113
19	3800	3900	74	0,1056
19	3900	4000	73	0,1042
19	4000	4100	72	0,1027
19	4100	4200	60	0,0856
19	4200	4300	50	0,0713
19	4300	4400	65	0,0927
19	4400	4500	43	0,0614
19	4500	4600	41	0,0585
19	4600	4700	29	0,0414
19	4700	4800	32	0,0457
19	4800	4900	30	0,0428
19	4900	5000	27	0,0385
19	5000	5100	14	0,02
19	5100	5200	22	0,0314
19	5200	5300	23	0,0328
19	5300	5400	13	0,0185
19	5400	5500	19	0,0271
19	5500	5600	14	0,02
19	5600	5700	8	0,0114
19	5700	5800	10	0,0143
19	5800	5900	14	0,02
19	5900	6000	7	0,01
19	6000	6100	7	0,01
19	6100	6200	9	0,0128
19	6200	6300	7	0,01
19	6300	6400	7	0,01
19	6400	6500	3	0,0043
19	6500	6600	11	0,0157
19	6600	6700	6	0,0086
19	6700	6800	8	0,0114
19	6800	6900	10	0,0143
19	6900	7000	9	0,0128
19	7000	7100	5	0,0071
19	7100	7200	4	0,0057
19	7200	7300	7	0,01
19	7300	7400	6	0,0086
19	7400	7500	7	0,01
19	7500	7600	2	0,0029
19	7600	7700	4	0,0057
19	7700	7800	3	0,0043
19	7800	7900	4	0,0057
19	7900	8000	5	0,0071
19	8100	8200	1	0,0014
19	8200	8300	2	0,0029
19	8300	8400	2	0,0029
19	8500	8600	4	0,0057
20	-13400	-13300	1	0,0014
20	-11200	-11100	1	0,0014
20	-10700	-10600	2	0,0029
20	-10600	-10500	1	0,0014
20	-10500	-10400	1	0,0014
20	-10300	-10200	2	0,0029
20	-10200	-10100	1	0,0014
20	-10100	-10000	1	0,0014
20	-10000	-9900	1	0,0014
20	-9900	-9800	1	0,0014
20	-9800	-9700	1	0,0014
20	-9700	-9600	1	0,0014
20	-9600	-9500	2	0,0029
20	-9500	-9400	2	0,0029
20	-9400	-9300	3	0,0043
20	-9300	-9200	3	0,0043
20	-9200	-9100	3	0,0043
20	-9100	-9000	2	0,0029
20	-9000	-8900	2	0,0029
20	-8900	-8800	4	0,0057
20	-8800	-8700	1	0,0014
20	-8700	-8600	5	0,0071
20	-8500	-8400	2	0,0029
20	-8400	-8300	4	0,0057
20	-8300	-8200	4	0,0057
20	-8200	-8100	7	0,01
20	-8100	-8000	3	0,0043
20	-8000	-7900	3	0,0043
20	-7900	-7800	1	0,0014
20	-7800	-7700	11	0,0157
20	-7700	-7600	6	0,0086
20	-7600	-7500	3	0,0043
20	-7500	-7400	3	0,0043
20	-7400	-7300	3	0,0043
20	-7300	-7200	4	0,0057
20	-7200	-7100	4	0,0057
20	-7100	-7000	6	0,0086
20	-7000	-6900	5	0,0071
20	-6900	-6800	5	0,0071
20	-6800	-6700	10	0,0143
20	-6700	-6600	8	0,0114
20	-6600	-6500	11	0,0157
20	-6500	-6400	9	0,0128
20	-6400	-6300	13	0,0185
20	-6300	-6200	11	0,0157
20	-6200	-6100	11	0,0157
20	-6100	-6000	14	0,02
20	-6000	-5900	14	0,02
20	-5900	-5800	19	0,0271
20	-5800	-5700	18	0,0257
20	-5700	-5600	17	0,0243
20	-5600	-5500	13	0,0185
20	-5500	-5400	23	0,0328
20	-5400	-5300	29	0,0414
20	-5300	-5200	22	0,0314
20	-5200	-5100	24	0,0342
20	-5100	-5000	29	0,0414
20	-5000	-4900	28	0,04
20	-4900	-4800	25	0,0357
20	-4800	-4700	32	0,0457
20	-4700	-4600	36	0,0514
20	-4600	-4500	29	0,0414
20	-4500	-4400	49	0,0699
20	-4400	-4300	41	0,0585
20	-4300	-4200	35	0,0499
20	-4200	-4100	34	0,0485
20	-4100	-4000	46	0,0656
20	-4000	-3900	61	0,087
20	-3900	-3800	63	0,0899
20	-3800	-3700	70	0,0999
20	-3700	-3600	71	0,1013
20	-3600	-3500	96	0,137
20	-3500	-3400	126	0,1798
20	-3400	-3300	101	0,1441
20	-3300	-3200	136	0,194
20	-3200	-3100	145	0,2069
20	-3100	-3000	174	0,2483
20	-3000	-2900	179	0,2554
20	-2900	-2800	211	0,3011
20	-2800	-2700	205	0,2925
20	-2700	-2600	225	0,321
20	-2600	-2500	232	0,331
20	-2500	-2400	256	0,3653
20	-2400	-2300	253	0,361
20	-2300	-2200	295	0,4209
20	-2200	-2100	322	0,4594
20	-2100	-2000	326	0,4651
20	-2000	-1900	390	0,5565
20	-1900	-1800	420	0,5993
20	-1800	-1700	426	0,6078
20	-1700	-1600	505	0,7205
20	-1600	-1500	508	0,7248
20	-1500	-1400	558	0,7962
20	-1400	-1300	611	0,8718
20	-1300	-1200	698	0,9959
20	-1200	-1100	808	1,1529
20	-1100	-1000	904	1,2898
20	-1000	-900	1138	1,6237
20	-900	-800	1135	1,6194
20	-800	-700	1299	1,8534
20	-700	-600	1516	2,1631
20	-600	-500	1776	2,534
20	-500	-400	2201	3,1404
20	-400	-300	2451	3,4971
20	-300	-200	3127	4,4617
20	-200	-100	4091	5,8371
20	-100	0	5316	7,585
20	0	100	5442	7,7647
20	100	200	3931	5,6088
20	200	300	3092	4,4117
20	300	400	2655	3,7882
20	400	500	2184	3,1162
20	500	600	1912	2,7281
20	600	700	1601	2,2843
20	700	800	1423	2,0304
20	800	900	1203	1,7165
20	900	1000	1087	1,551
20	1000	1100	1008	1,4382
20	1100	1200	922	1,3155
20	1200	1300	825	1,1771
20	1300	1400	682	0,9731
20	1400	1500	743	1,0601
20	1500	1600	641	0,9146
20	1600	1700	598	0,8532
20	1700	1800	507	0,7234
20	1800	1900	481	0,6863
20	1900	2000	444	0,6335
20	2000	2100	391	0,5579
20	2100	2200	330	0,4709
20	2200	2300	328	0,468
20	2300	2400	288	0,4109
20	2400	2500	251	0,3581
20	2500	2600	224	0,3196
20	2600	2700	221	0,3153
20	2700	2800	197	0,2811
20	2800	2900	179	0,2554
20	2900	3000	169	0,2411
20	3000	3100	161	0,2297
20	3100	3200	132	0,1883
20	3200	3300	116	0,1655
20	3300	3400	140	0,1998
20	3400	3500	125	0,1784
20	3500	3600	118	0,1684
20	3600	3700	115	0,1641
20	3700	3800	77	0,1099
20	3800	3900	77	0,1099
20	3900	4000	79	0,1127
20	4000	4100	67	0,0956
20	4100	4200	64	0,0913
20	4200	4300	73	0,1042
20	4300	4400	54	0,077
20	4400	4500	46	0,0656
20	4500	4600	41	0,0585
20	4600	4700	44	0,0628
20	4700	4800	38	0,0542
20	4800	4900	30	0,0428
20	4900	5000	24	0,0342
20	5000	5100	26	0,0371
20	5100	5200	25	0,0357
20	5200	5300	29	0,0414
20	5300	5400	24	0,0342
20	5400	5500	20	0,0285
20	5500	5600	12	0,0171
20	5600	5700	13	0,0185
20	5700	5800	13	0,0185
20	5800	5900	9	0,0128
20	5900	6000	5	0,0071
20	6000	6100	8	0,0114
20	6100	6200	7	0,01
20	6200	6300	5	0,0071
20	6300	6400	6	0,0086
20	6400	6500	7	0,01
20	6500	6600	5	0,0071
20	6600	6700	10	0,0143
20	6700	6800	7	0,01
20	6800	6900	10	0,0143
20	6900	7000	5	0,0071
20	7000	7100	9	0,0128
20	7100	7200	14	0,02
20	7200	7300	5	0,0071
20	7300	7400	4	0,0057
20	7400	7500	6	0,0086
20	7500	7600	7	0,01
20	7600	7700	3	0,0043
20	7700	7800	1	0,0014
20	7800	7900	2	0,0029
20	7900	8000	4	0,0057
20	8000	8100	3	0,0043
20	8100	8200	4	0,0057
20	8200	8300	2	0,0029
20	8300	8400	4	0,0057
20	8400	8500	1	0,0014
20	8600	8700	1	0,0014
21	-13500	-13400	1	0,0014
21	-11200	-11100	1	0,0014
21	-10700	-10600	1	0,0014
21	-10600	-10500	2	0,0029
21	-10300	-10200	1	0,0014
21	-10200	-10100	1	0,0014
21	-10100	-10000	1	0,0014
21	-10000	-9900	1	0,0014
21	-9900	-9800	1	0,0014
21	-9800	-9700	4	0,0057
21	-9700	-9600	4	0,0057
21	-9600	-9500	1	0,0014
21	-9500	-9400	5	0,0071
21	-9400	-9300	2	0,0029
21	-9300	-9200	6	0,0086
21	-9200	-9100	5	0,0071
21	-9100	-9000	3	0,0043
21	-9000	-8900	3	0,0043
21	-8900	-8800	4	0,0057
21	-8800	-8700	2	0,0029
21	-8700	-8600	2	0,0029
21	-8600	-8500	3	0,0043
21	-8400	-8300	3	0,0043
21	-8300	-8200	8	0,0114
21	-8200	-8100	6	0,0086
21	-8000	-7900	6	0,0086
21	-7900	-7800	4	0,0057
21	-7800	-7700	9	0,0128
21	-7700	-7600	3	0,0043
21	-7600	-7500	3	0,0043
21	-7500	-7400	3	0,0043
21	-7400	-7300	5	0,0071
21	-7300	-7200	2	0,0029
21	-7200	-7100	7	0,01
21	-7100	-7000	2	0,0029
21	-7000	-6900	9	0,0128
21	-6900	-6800	5	0,0071
21	-6800	-6700	10	0,0143
21	-6700	-6600	10	0,0143
21	-6600	-6500	12	0,0171
21	-6500	-6400	11	0,0157
21	-6400	-6300	7	0,01
21	-6300	-6200	6	0,0086
21	-6200	-6100	18	0,0257
21	-6100	-6000	16	0,0228
21	-6000	-5900	27	0,0385
21	-5900	-5800	15	0,0214
21	-5800	-5700	20	0,0285
21	-5700	-5600	10	0,0143
21	-5600	-5500	24	0,0342
21	-5500	-5400	16	0,0228
21	-5400	-5300	25	0,0357
21	-5300	-5200	24	0,0342
21	-5200	-5100	25	0,0357
21	-5100	-5000	32	0,0457
21	-5000	-4900	27	0,0385
21	-4900	-4800	35	0,0499
21	-4800	-4700	34	0,0485
21	-4700	-4600	41	0,0585
21	-4600	-4500	32	0,0457
21	-4500	-4400	31	0,0442
21	-4400	-4300	29	0,0414
21	-4300	-4200	40	0,0571
21	-4200	-4100	51	0,0728
21	-4100	-4000	57	0,0813
21	-4000	-3900	70	0,0999
21	-3900	-3800	56	0,0799
21	-3800	-3700	81	0,1156
21	-3700	-3600	83	0,1184
21	-3600	-3500	101	0,1441
21	-3500	-3400	108	0,1541
21	-3400	-3300	136	0,1941
21	-3300	-3200	143	0,204
21	-3200	-3100	155	0,2212
21	-3100	-3000	159	0,2269
21	-3000	-2900	174	0,2483
21	-2900	-2800	214	0,3053
21	-2800	-2700	236	0,3367
21	-2700	-2600	219	0,3125
21	-2600	-2500	252	0,3596
21	-2500	-2400	266	0,3795
21	-2400	-2300	274	0,391
21	-2300	-2200	269	0,3838
21	-2200	-2100	315	0,4495
21	-2100	-2000	360	0,5137
21	-2000	-1900	401	0,5722
21	-1900	-1800	404	0,5765
21	-1800	-1700	461	0,6578
21	-1700	-1600	474	0,6763
21	-1600	-1500	512	0,7306
21	-1500	-1400	586	0,8361
21	-1400	-1300	627	0,8946
21	-1300	-1200	769	1,0973
21	-1200	-1100	833	1,1886
21	-1100	-1000	938	1,3384
21	-1000	-900	1069	1,5253
21	-900	-800	1168	1,6666
21	-800	-700	1289	1,8392
21	-700	-600	1468	2,0946
21	-600	-500	1837	2,6211
21	-500	-400	2132	3,0421
21	-400	-300	2458	3,5072
21	-300	-200	2977	4,2478
21	-200	-100	4120	5,8787
21	-100	0	5126	7,3141
21	0	100	5249	7,4896
21	100	200	3915	5,5862
21	200	300	3130	4,4661
21	300	400	2595	3,7027
21	400	500	2178	3,1077
21	500	600	1903	2,7153
21	600	700	1616	2,3058
21	700	800	1446	2,0632
21	800	900	1221	1,7422
21	900	1000	1105	1,5767
21	1000	1100	959	1,3684
21	1100	1200	898	1,2813
21	1200	1300	793	1,1315
21	1300	1400	752	1,073
21	1400	1500	694	0,9902
21	1500	1600	621	0,8861
21	1600	1700	628	0,8961
21	1700	1800	568	0,8105
21	1800	1900	499	0,712
21	1900	2000	461	0,6578
21	2000	2100	421	0,6007
21	2100	2200	374	0,5336
21	2200	2300	282	0,4024
21	2300	2400	292	0,4166
21	2400	2500	244	0,3482
21	2500	2600	246	0,351
21	2600	2700	210	0,2996
21	2700	2800	225	0,321
21	2800	2900	171	0,244
21	2900	3000	190	0,2711
21	3000	3100	147	0,2097
21	3100	3200	152	0,2169
21	3200	3300	133	0,1898
21	3300	3400	130	0,1855
21	3400	3500	144	0,2055
21	3500	3600	127	0,1812
21	3600	3700	91	0,1298
21	3700	3800	94	0,1341
21	3800	3900	88	0,1256
21	3900	4000	73	0,1042
21	4000	4100	93	0,1327
21	4100	4200	76	0,1084
21	4200	4300	64	0,0913
21	4300	4400	60	0,0856
21	4400	4500	56	0,0799
21	4500	4600	45	0,0642
21	4600	4700	42	0,0599
21	4700	4800	35	0,0499
21	4800	4900	41	0,0585
21	4900	5000	26	0,0371
21	5000	5100	30	0,0428
21	5100	5200	20	0,0285
21	5200	5300	28	0,04
21	5300	5400	23	0,0328
21	5400	5500	23	0,0328
21	5500	5600	23	0,0328
21	5600	5700	12	0,0171
21	5700	5800	15	0,0214
21	5800	5900	10	0,0143
21	5900	6000	13	0,0185
21	6000	6100	5	0,0071
21	6100	6200	8	0,0114
21	6200	6300	3	0,0043
21	6300	6400	6	0,0086
21	6400	6500	13	0,0185
21	6500	6600	4	0,0057
21	6600	6700	11	0,0157
21	6700	6800	11	0,0157
21	6800	6900	10	0,0143
21	6900	7000	11	0,0157
21	7000	7100	5	0,0071
21	7100	7200	11	0,0157
21	7200	7300	8	0,0114
21	7300	7400	9	0,0128
21	7400	7500	6	0,0086
21	7500	7600	3	0,0043
21	7600	7700	4	0,0057
21	7700	7800	1	0,0014
21	7800	7900	5	0,0071
21	7900	8000	4	0,0057
21	8000	8100	2	0,0029
21	8100	8200	1	0,0014
21	8200	8300	4	0,0057
21	8300	8400	1	0,0014
21	8400	8500	1	0,0014
21	8500	8600	2	0,0029
21	8600	8700	1	0,0014
22	-13100	-13000	1	0,0014
22	-11100	-11000	1	0,0014
22	-11000	-10900	1	0,0014
22	-10600	-10500	1	0,0014
22	-10500	-10400	1	0,0014
22	-10400	-10300	1	0,0014
22	-10200	-10100	3	0,0043
22	-10100	-10000	1	0,0014
22	-10000	-9900	2	0,0029
22	-9900	-9800	1	0,0014
22	-9800	-9700	3	0,0043
22	-9700	-9600	5	0,0071
22	-9600	-9500	3	0,0043
22	-9500	-9400	5	0,0071
22	-9400	-9300	3	0,0043
22	-9300	-9200	6	0,0086
22	-9200	-9100	2	0,0029
22	-9100	-9000	3	0,0043
22	-9000	-8900	5	0,0071
22	-8900	-8800	4	0,0057
22	-8800	-8700	2	0,0029
22	-8700	-8600	4	0,0057
22	-8600	-8500	5	0,0071
22	-8500	-8400	3	0,0043
22	-8400	-8300	2	0,0029
22	-8300	-8200	5	0,0071
22	-8200	-8100	6	0,0086
22	-8100	-8000	9	0,0128
22	-8000	-7900	4	0,0057
22	-7900	-7800	3	0,0043
22	-7800	-7700	2	0,0029
22	-7700	-7600	5	0,0071
22	-7600	-7500	6	0,0086
22	-7500	-7400	6	0,0086
22	-7400	-7300	1	0,0014
22	-7300	-7200	7	0,01
22	-7200	-7100	6	0,0086
22	-7100	-7000	5	0,0071
22	-7000	-6900	8	0,0114
22	-6900	-6800	7	0,01
22	-6800	-6700	7	0,01
22	-6700	-6600	12	0,0171
22	-6600	-6500	12	0,0171
22	-6500	-6400	5	0,0071
22	-6400	-6300	10	0,0143
22	-6300	-6200	14	0,02
22	-6200	-6100	14	0,02
22	-6100	-6000	19	0,0271
22	-6000	-5900	17	0,0243
22	-5900	-5800	13	0,0185
22	-5800	-5700	22	0,0314
22	-5700	-5600	21	0,03
22	-5600	-5500	24	0,0342
22	-5500	-5400	25	0,0357
22	-5400	-5300	20	0,0285
22	-5300	-5200	16	0,0228
22	-5200	-5100	32	0,0457
22	-5100	-5000	32	0,0457
22	-5000	-4900	26	0,0371
22	-4900	-4800	32	0,0457
22	-4800	-4700	34	0,0485
22	-4700	-4600	36	0,0514
22	-4600	-4500	36	0,0514
22	-4500	-4400	31	0,0442
22	-4400	-4300	40	0,0571
22	-4300	-4200	48	0,0685
22	-4200	-4100	53	0,0756
22	-4100	-4000	50	0,0713
22	-4000	-3900	79	0,1127
22	-3900	-3800	64	0,0913
22	-3800	-3700	88	0,1256
22	-3700	-3600	92	0,1313
22	-3600	-3500	110	0,157
22	-3500	-3400	134	0,1912
22	-3400	-3300	124	0,1769
22	-3300	-3200	175	0,2497
22	-3200	-3100	145	0,2069
22	-3100	-3000	186	0,2654
22	-3000	-2900	167	0,2383
22	-2900	-2800	213	0,3039
22	-2800	-2700	194	0,2768
22	-2700	-2600	232	0,331
22	-2600	-2500	230	0,3282
22	-2500	-2400	272	0,3881
22	-2400	-2300	298	0,4252
22	-2300	-2200	283	0,4038
22	-2200	-2100	354	0,5051
22	-2100	-2000	390	0,5565
22	-2000	-1900	410	0,585
22	-1900	-1800	441	0,6293
22	-1800	-1700	456	0,6507
22	-1700	-1600	468	0,6678
22	-1600	-1500	554	0,7905
22	-1500	-1400	540	0,7705
22	-1400	-1300	638	0,9104
22	-1300	-1200	749	1,0687
22	-1200	-1100	831	1,1858
22	-1100	-1000	933	1,3313
22	-1000	-900	1081	1,5425
22	-900	-800	1192	1,7009
22	-800	-700	1316	1,8778
22	-700	-600	1521	2,1703
22	-600	-500	1765	2,5185
22	-500	-400	2184	3,1163
22	-400	-300	2420	3,4531
22	-300	-200	2965	4,2308
22	-200	-100	3932	5,6106
22	-100	0	5061	7,2215
22	0	100	5175	7,3842
22	100	200	3837	5,475
22	200	300	3000	4,2807
22	300	400	2557	3,6486
22	400	500	2156	3,0764
22	500	600	1828	2,6084
22	600	700	1644	2,3458
22	700	800	1465	2,0904
22	800	900	1256	1,7922
22	900	1000	1134	1,6181
22	1000	1100	1018	1,4526
22	1100	1200	881	1,2571
22	1200	1300	827	1,18
22	1300	1400	746	1,0645
22	1400	1500	693	0,9888
22	1500	1600	623	0,889
22	1600	1700	632	0,9018
22	1700	1800	550	0,7848
22	1800	1900	521	0,7434
22	1900	2000	476	0,6792
22	2000	2100	422	0,6022
22	2100	2200	380	0,5422
22	2200	2300	333	0,4752
22	2300	2400	274	0,391
22	2400	2500	265	0,3781
22	2500	2600	235	0,3353
22	2600	2700	222	0,3168
22	2700	2800	204	0,2911
22	2800	2900	197	0,2811
22	2900	3000	175	0,2497
22	3000	3100	177	0,2526
22	3100	3200	156	0,2226
22	3200	3300	142	0,2026
22	3300	3400	111	0,1584
22	3400	3500	138	0,1969
22	3500	3600	139	0,1983
22	3600	3700	120	0,1712
22	3700	3800	106	0,1513
22	3800	3900	94	0,1341
22	3900	4000	83	0,1184
22	4000	4100	86	0,1227
22	4100	4200	82	0,117
22	4200	4300	90	0,1284
22	4300	4400	51	0,0728
22	4400	4500	72	0,1027
22	4500	4600	52	0,0742
22	4600	4700	32	0,0457
22	4700	4800	35	0,0499
22	4800	4900	38	0,0542
22	4900	5000	31	0,0442
22	5000	5100	22	0,0314
22	5100	5200	27	0,0385
22	5200	5300	40	0,0571
22	5300	5400	23	0,0328
22	5400	5500	27	0,0385
22	5500	5600	22	0,0314
22	5600	5700	9	0,0128
22	5700	5800	18	0,0257
22	5800	5900	14	0,02
22	5900	6000	14	0,02
22	6000	6100	7	0,01
22	6100	6200	10	0,0143
22	6200	6300	8	0,0114
22	6300	6400	11	0,0157
22	6400	6500	15	0,0214
22	6500	6600	10	0,0143
22	6600	6700	10	0,0143
22	6700	6800	7	0,01
22	6800	6900	10	0,0143
22	6900	7000	8	0,0114
22	7000	7100	13	0,0185
22	7100	7200	7	0,01
22	7200	7300	5	0,0071
22	7300	7400	5	0,0071
22	7400	7500	10	0,0143
22	7500	7600	8	0,0114
22	7600	7700	3	0,0043
22	7700	7800	2	0,0029
22	7800	7900	3	0,0043
22	7900	8000	3	0,0043
22	8000	8100	4	0,0057
22	8100	8200	2	0,0029
22	8200	8300	4	0,0057
22	8300	8400	2	0,0029
22	8600	8700	2	0,0029
23	-13200	-13100	1	0,0014
23	-11300	-11200	1	0,0014
23	-11100	-11000	1	0,0014
23	-11000	-10900	1	0,0014
23	-10900	-10800	1	0,0014
23	-10800	-10700	1	0,0014
23	-10700	-10600	2	0,0029
23	-10600	-10500	2	0,0029
23	-10100	-10000	2	0,0029
23	-10000	-9900	4	0,0057
23	-9900	-9800	2	0,0029
23	-9800	-9700	2	0,0029
23	-9700	-9600	1	0,0014
23	-9600	-9500	7	0,01
23	-9500	-9400	3	0,0043
23	-9400	-9300	3	0,0043
23	-9300	-9200	4	0,0057
23	-9200	-9100	4	0,0057
23	-9100	-9000	3	0,0043
23	-9000	-8900	3	0,0043
23	-8900	-8800	7	0,01
23	-8800	-8700	6	0,0086
23	-8700	-8600	4	0,0057
23	-8600	-8500	3	0,0043
23	-8500	-8400	2	0,0029
23	-8400	-8300	2	0,0029
23	-8300	-8200	8	0,0114
23	-8200	-8100	5	0,0071
23	-8100	-8000	7	0,01
23	-8000	-7900	8	0,0114
23	-7900	-7800	4	0,0057
23	-7800	-7700	3	0,0043
23	-7700	-7600	5	0,0071
23	-7600	-7500	2	0,0029
23	-7500	-7400	2	0,0029
23	-7400	-7300	6	0,0086
23	-7300	-7200	5	0,0071
23	-7200	-7100	8	0,0114
23	-7100	-7000	7	0,01
23	-7000	-6900	14	0,02
23	-6900	-6800	10	0,0143
23	-6800	-6700	7	0,01
23	-6700	-6600	10	0,0143
23	-6600	-6500	9	0,0128
23	-6500	-6400	10	0,0143
23	-6400	-6300	13	0,0186
23	-6300	-6200	14	0,02
23	-6200	-6100	16	0,0228
23	-6100	-6000	16	0,0228
23	-6000	-5900	17	0,0243
23	-5900	-5800	18	0,0257
23	-5800	-5700	22	0,0314
23	-5700	-5600	16	0,0228
23	-5600	-5500	23	0,0328
23	-5500	-5400	17	0,0243
23	-5400	-5300	20	0,0285
23	-5300	-5200	27	0,0385
23	-5200	-5100	24	0,0342
23	-5100	-5000	30	0,0428
23	-5000	-4900	37	0,0528
23	-4900	-4800	33	0,0471
23	-4800	-4700	37	0,0528
23	-4700	-4600	38	0,0542
23	-4600	-4500	37	0,0528
23	-4500	-4400	38	0,0542
23	-4400	-4300	43	0,0614
23	-4300	-4200	52	0,0742
23	-4200	-4100	57	0,0813
23	-4100	-4000	48	0,0685
23	-4000	-3900	75	0,107
23	-3900	-3800	80	0,1142
23	-3800	-3700	96	0,137
23	-3700	-3600	77	0,1099
23	-3600	-3500	96	0,137
23	-3500	-3400	123	0,1755
23	-3400	-3300	144	0,2055
23	-3300	-3200	168	0,2397
23	-3200	-3100	209	0,2982
23	-3100	-3000	168	0,2397
23	-3000	-2900	180	0,2568
23	-2900	-2800	197	0,2811
23	-2800	-2700	210	0,2997
23	-2700	-2600	232	0,3311
23	-2600	-2500	272	0,3881
23	-2500	-2400	294	0,4195
23	-2400	-2300	272	0,3881
23	-2300	-2200	328	0,468
23	-2200	-2100	388	0,5537
23	-2100	-2000	402	0,5736
23	-2000	-1900	405	0,5779
23	-1900	-1800	409	0,5836
23	-1800	-1700	461	0,6578
23	-1700	-1600	461	0,6578
23	-1600	-1500	541	0,772
23	-1500	-1400	565	0,8062
23	-1400	-1300	678	0,9675
23	-1300	-1200	770	1,0987
23	-1200	-1100	833	1,1886
23	-1100	-1000	916	1,3071
23	-1000	-900	1049	1,4969
23	-900	-800	1272	1,8151
23	-800	-700	1328	1,895
23	-700	-600	1528	2,1804
23	-600	-500	1797	2,5642
23	-500	-400	2098	2,9937
23	-400	-300	2471	3,526
23	-300	-200	2894	4,1296
23	-200	-100	3808	5,4338
23	-100	0	4973	7,0962
23	0	100	5054	7,2118
23	100	200	3716	5,3025
23	200	300	2915	4,1595
23	300	400	2609	3,7229
23	400	500	2078	2,9652
23	500	600	1852	2,6427
23	600	700	1603	2,2874
23	700	800	1529	2,1818
23	800	900	1285	1,8336
23	900	1000	1101	1,5711
23	1000	1100	1068	1,524
23	1100	1200	891	1,2714
23	1200	1300	800	1,1416
23	1300	1400	766	1,093
23	1400	1500	669	0,9546
23	1500	1600	643	0,9175
23	1600	1700	633	0,9033
23	1700	1800	552	0,7877
23	1800	1900	521	0,7434
23	1900	2000	470	0,6707
23	2000	2100	437	0,6236
23	2100	2200	404	0,5765
23	2200	2300	331	0,4723
23	2300	2400	330	0,4709
23	2400	2500	271	0,3867
23	2500	2600	250	0,3567
23	2600	2700	221	0,3154
23	2700	2800	194	0,2768
23	2800	2900	178	0,254
23	2900	3000	200	0,2854
23	3000	3100	173	0,2469
23	3100	3200	164	0,234
23	3200	3300	159	0,2269
23	3300	3400	132	0,1884
23	3400	3500	137	0,1955
23	3500	3600	116	0,1655
23	3600	3700	117	0,167
23	3700	3800	111	0,1584
23	3800	3900	103	0,147
23	3900	4000	110	0,157
23	4000	4100	97	0,1384
23	4100	4200	77	0,1099
23	4200	4300	80	0,1142
23	4300	4400	71	0,1013
23	4400	4500	74	0,1056
23	4500	4600	63	0,0899
23	4600	4700	47	0,0671
23	4700	4800	35	0,0499
23	4800	4900	33	0,0471
23	4900	5000	32	0,0457
23	5000	5100	23	0,0328
23	5100	5200	27	0,0385
23	5200	5300	36	0,0514
23	5300	5400	32	0,0457
23	5400	5500	25	0,0357
23	5500	5600	33	0,0471
23	5600	5700	10	0,0143
23	5700	5800	17	0,0243
23	5800	5900	18	0,0257
23	5900	6000	13	0,0186
23	6000	6100	14	0,02
23	6100	6200	8	0,0114
23	6200	6300	15	0,0214
23	6300	6400	9	0,0128
23	6400	6500	13	0,0186
23	6500	6600	13	0,0186
23	6600	6700	9	0,0128
23	6700	6800	11	0,0157
23	6800	6900	4	0,0057
23	6900	7000	13	0,0186
23	7000	7100	11	0,0157
23	7100	7200	10	0,0143
23	7200	7300	6	0,0086
23	7300	7400	9	0,0128
23	7400	7500	2	0,0029
23	7500	7600	3	0,0043
23	7600	7700	7	0,01
23	7700	7800	5	0,0071
23	7800	7900	3	0,0043
23	7900	8000	1	0,0014
23	8000	8100	2	0,0029
23	8100	8200	4	0,0057
23	8200	8300	4	0,0057
23	8400	8500	3	0,0043
23	8600	8700	1	0,0014
23	8700	8800	1	0,0014
24	-13000	-12900	1	0,0014
24	-11300	-11200	1	0,0014
24	-11200	-11100	1	0,0014
24	-10900	-10800	1	0,0014
24	-10800	-10700	3	0,0043
24	-10600	-10500	4	0,0057
24	-10500	-10400	1	0,0014
24	-10400	-10300	3	0,0043
24	-10100	-10000	1	0,0014
24	-10000	-9900	2	0,0029
24	-9800	-9700	3	0,0043
24	-9700	-9600	3	0,0043
24	-9600	-9500	3	0,0043
24	-9500	-9400	5	0,0071
24	-9400	-9300	4	0,0057
24	-9300	-9200	6	0,0086
24	-9200	-9100	6	0,0086
24	-9100	-9000	5	0,0071
24	-9000	-8900	2	0,0029
24	-8900	-8800	5	0,0071
24	-8800	-8700	6	0,0086
24	-8700	-8600	3	0,0043
24	-8600	-8500	4	0,0057
24	-8500	-8400	3	0,0043
24	-8400	-8300	5	0,0071
24	-8300	-8200	4	0,0057
24	-8100	-8000	11	0,0157
24	-8000	-7900	4	0,0057
24	-7900	-7800	7	0,01
24	-7800	-7700	10	0,0143
24	-7700	-7600	1	0,0014
24	-7600	-7500	5	0,0071
24	-7500	-7400	7	0,01
24	-7400	-7300	5	0,0071
24	-7300	-7200	6	0,0086
24	-7200	-7100	6	0,0086
24	-7100	-7000	12	0,0171
24	-7000	-6900	5	0,0071
24	-6900	-6800	8	0,0114
24	-6800	-6700	10	0,0143
24	-6700	-6600	9	0,0128
24	-6600	-6500	14	0,02
24	-6500	-6400	10	0,0143
24	-6400	-6300	12	0,0171
24	-6300	-6200	17	0,0243
24	-6200	-6100	9	0,0128
24	-6100	-6000	17	0,0243
24	-6000	-5900	19	0,0271
24	-5900	-5800	23	0,0328
24	-5800	-5700	20	0,0285
24	-5700	-5600	24	0,0342
24	-5600	-5500	18	0,0257
24	-5500	-5400	15	0,0214
24	-5400	-5300	25	0,0357
24	-5300	-5200	21	0,03
24	-5200	-5100	35	0,0499
24	-5100	-5000	43	0,0614
24	-5000	-4900	25	0,0357
24	-4900	-4800	33	0,0471
24	-4800	-4700	45	0,0642
24	-4700	-4600	29	0,0414
24	-4600	-4500	41	0,0585
24	-4500	-4400	37	0,0528
24	-4400	-4300	49	0,0699
24	-4300	-4200	44	0,0628
24	-4200	-4100	59	0,0842
24	-4100	-4000	70	0,0999
24	-4000	-3900	69	0,0985
24	-3900	-3800	77	0,1099
24	-3800	-3700	88	0,1256
24	-3700	-3600	102	0,1456
24	-3600	-3500	117	0,167
24	-3500	-3400	132	0,1884
24	-3400	-3300	152	0,2169
24	-3300	-3200	158	0,2255
24	-3200	-3100	179	0,2554
24	-3100	-3000	181	0,2583
24	-3000	-2900	202	0,2883
24	-2900	-2800	208	0,2968
24	-2800	-2700	211	0,3011
24	-2700	-2600	242	0,3453
24	-2600	-2500	289	0,4124
24	-2500	-2400	273	0,3896
24	-2400	-2300	322	0,4595
24	-2300	-2200	315	0,4495
24	-2200	-2100	402	0,5736
24	-2100	-2000	400	0,5708
24	-2000	-1900	389	0,5551
24	-1900	-1800	423	0,6036
24	-1800	-1700	491	0,7006
24	-1700	-1600	481	0,6864
24	-1600	-1500	552	0,7877
24	-1500	-1400	605	0,8633
24	-1400	-1300	629	0,8976
24	-1300	-1200	756	1,0788
24	-1200	-1100	842	1,2015
24	-1100	-1000	900	1,2843
24	-1000	-900	1133	1,6168
24	-900	-800	1191	1,6995
24	-800	-700	1393	1,9878
24	-700	-600	1549	2,2104
24	-600	-500	1734	2,4744
24	-500	-400	2057	2,9353
24	-400	-300	2463	3,5147
24	-300	-200	2905	4,1454
24	-200	-100	3746	5,3455
24	-100	0	4780	6,821
24	0	100	4923	7,025
24	100	200	3689	5,2641
24	200	300	2978	4,2496
24	300	400	2532	3,6131
24	400	500	2111	3,0124
24	500	600	1870	2,6685
24	600	700	1659	2,3674
24	700	800	1481	2,1134
24	800	900	1246	1,778
24	900	1000	1110	1,5839
24	1000	1100	1061	1,514
24	1100	1200	837	1,1944
24	1200	1300	808	1,153
24	1300	1400	746	1,0645
24	1400	1500	729	1,0403
24	1500	1600	668	0,9532
24	1600	1700	577	0,8234
24	1700	1800	580	0,8276
24	1800	1900	575	0,8205
24	1900	2000	452	0,645
24	2000	2100	468	0,6678
24	2100	2200	388	0,5537
24	2200	2300	351	0,5009
24	2300	2400	305	0,4352
24	2400	2500	255	0,3639
24	2500	2600	287	0,4095
24	2600	2700	254	0,3625
24	2700	2800	219	0,3125
24	2800	2900	215	0,3068
24	2900	3000	160	0,2283
24	3000	3100	159	0,2269
24	3100	3200	174	0,2483
24	3200	3300	161	0,2297
24	3300	3400	145	0,2069
24	3400	3500	127	0,1812
24	3500	3600	112	0,1598
24	3600	3700	157	0,224
24	3700	3800	104	0,1484
24	3800	3900	129	0,1841
24	3900	4000	99	0,1413
24	4000	4100	93	0,1327
24	4100	4200	92	0,1313
24	4200	4300	75	0,107
24	4300	4400	83	0,1184
24	4400	4500	63	0,0899
24	4500	4600	72	0,1027
24	4600	4700	51	0,0728
24	4700	4800	45	0,0642
24	4800	4900	30	0,0428
24	4900	5000	35	0,0499
24	5000	5100	25	0,0357
24	5100	5200	29	0,0414
24	5200	5300	41	0,0585
24	5300	5400	31	0,0442
24	5400	5500	30	0,0428
24	5500	5600	21	0,03
24	5600	5700	31	0,0442
24	5700	5800	27	0,0385
24	5800	5900	14	0,02
24	5900	6000	21	0,03
24	6000	6100	13	0,0186
24	6100	6200	18	0,0257
24	6200	6300	11	0,0157
24	6300	6400	11	0,0157
24	6400	6500	15	0,0214
24	6500	6600	10	0,0143
24	6600	6700	10	0,0143
24	6700	6800	11	0,0157
24	6800	6900	11	0,0157
24	6900	7000	7	0,01
24	7000	7100	11	0,0157
24	7100	7200	5	0,0071
24	7200	7300	7	0,01
24	7300	7400	6	0,0086
24	7400	7500	6	0,0086
24	7500	7600	1	0,0014
24	7600	7700	3	0,0043
24	7700	7800	3	0,0043
24	7800	7900	4	0,0057
24	7900	8000	3	0,0043
24	8000	8100	3	0,0043
24	8100	8200	1	0,0014
24	8200	8300	3	0,0043
24	8300	8400	3	0,0043
24	8400	8500	1	0,0014
24	8500	8600	4	0,0057
24	8600	8700	2	0,0029
24	8700	8800	1	0,0014
24	8800	8900	1	0,0014
